Time,Symbol,Price,Quantity,Type,Status,Value,Tag 
2016-01-08T20:50:00Z,AES,6.878440444,42,Market,Filled,288.894498648, 
2016-01-08T20:50:00Z,CNX,7.72926462,33,Market,Filled,255.06573246, 
2016-01-08T20:50:00Z,CSX,6.936519274348,41,Market,Filled,284.39729024827, 
2016-01-08T20:50:00Z,F,8.52339411,27,Market,Filled,230.13164097, 
2016-01-08T20:50:00Z,FCX,5.108272465,76,Market,Filled,388.22870734, 
2016-01-08T20:50:00Z,HBAN,7.261694496,37,Market,Filled,268.682696352, 
2016-01-08T20:50:00Z,HPQ,8.220533037,29,Market,Filled,238.395458073, 
2016-01-08T20:50:00Z,KEY,8.633557611,26,Market,Filled,224.472497886, 
2016-01-08T20:50:00Z,KMI,9.733731303,20,Market,Filled,194.67462606, 
2016-01-08T20:50:00Z,MRO,9.249484098,23,Market,Filled,212.738134254, 
2016-01-08T20:50:00Z,NAVI,6.9467819,41,Market,Filled,284.8180579, 
2016-01-08T20:50:00Z,NVDA,7.233559749,37,Market,Filled,267.641710713, 
2016-01-08T20:50:00Z,RF,6.606885028,45,Market,Filled,297.30982626, 
2016-01-08T20:50:00Z,SWN,6.98,40,Market,Filled,279.2, 
2016-01-08T20:50:00Z,SYMC,8.447737212,27,Market,Filled,228.088904724, 
2016-01-11T20:50:00Z,AIV,4.5257860026712,96,Market,Filled,434.47545625644, 
2016-01-11T20:50:00Z,GME,5.668649181,61,Market,Filled,345.787600041, 
2016-01-11T20:50:00Z,YHOO,8.216130846,29,Market,Filled,238.267794534, 
2016-01-11T20:50:00Z,CNX,6.93037422,-33,Market,Filled,-228.70234926,Liquidated 
2016-01-11T20:50:00Z,FCX,4.03038011,-76,Market,Filled,-306.30888836,Liquidated 
2016-01-11T20:50:00Z,KMI,9.267719892,-20,Market,Filled,-185.35439784,Liquidated 
2016-01-11T20:50:00Z,MRO,8.536614418,-23,Market,Filled,-196.342131614,Liquidated 
2016-01-11T20:50:00Z,SWN,6.49,-40,Market,Filled,-259.6,Liquidated 
2016-01-12T20:50:00Z,FCX,3.861666524,133,Market,Filled,513.601647692, 
2016-01-12T20:50:00Z,LLL,1.749417792,776,Market,Filled,1357.548206592, 
2016-01-12T20:50:00Z,MRO,8.144536094,29,Market,Filled,236.191546726, 
2016-01-12T20:50:00Z,AES,6.569888958,-42,Market,Filled,-275.935336236,Liquidated 
2016-01-12T20:50:00Z,GME,5.3657295345,-61,Market,Filled,-327.3095016045,Liquidated 
2016-01-12T20:50:00Z,LLL,1.476659104,-776,Market,Filled,-1145.887464704,Liquidated 
2016-01-12T20:50:00Z,NAVI,6.8039,-41,Market,Filled,-278.9599,Liquidated 
2016-01-13T20:50:00Z,LLL,1.4108208,993,Market,Filled,1400.9450544, 
2016-01-13T20:50:00Z,NAVI,6.4228816,48,Market,Filled,308.2983168, 
2016-01-13T20:50:00Z,NRG,8.150645749,29,Market,Filled,236.368726721, 
2016-01-13T20:50:00Z,RIG,9.77,20,Market,Filled,195.4, 
2016-01-13T20:50:00Z,SPLS,8.554821354,26,Market,Filled,222.425355204, 
2016-01-13T20:50:00Z,SWN,6.37,48,Market,Filled,305.76, 
2016-01-13T20:50:00Z,WMB,8.439091113,27,Market,Filled,227.855460051, 
2016-01-13T20:50:00Z,AIV,4.404488071879,-96,Market,Filled,-422.83085490038,Liquidated 
2016-01-13T20:50:00Z,CSX,6.6062088327124,-41,Market,Filled,-270.85456214121,Liquidated 
2016-01-13T20:50:00Z,F,8.26510944,-27,Market,Filled,-223.15795488,Liquidated 
2016-01-13T20:50:00Z,FCX,3.514866375,-133,Market,Filled,-467.477227875,Liquidated 
2016-01-13T20:50:00Z,HBAN,7.009552326,-37,Market,Filled,-259.353436062,Liquidated 
2016-01-13T20:50:00Z,KEY,8.402752395,-26,Market,Filled,-218.47156227,Liquidated 
2016-01-13T20:50:00Z,MRO,7.592062092,-29,Market,Filled,-220.169800668,Liquidated 
2016-01-13T20:50:00Z,RF,6.24568858,-45,Market,Filled,-281.0559861,Liquidated 
2016-01-13T20:50:00Z,YHOO,8.017133649,-29,Market,Filled,-232.496875821,Liquidated 
2016-01-14T20:50:00Z,AES,6.682773648,44,Market,Filled,294.042040512, 
2016-01-14T20:50:00Z,AIV,4.3404061461775,105,Market,Filled,455.74264534863, 
2016-01-14T20:50:00Z,CNX,5.62219119,62,Market,Filled,348.57585378, 
2016-01-14T20:50:00Z,CSX,6.8391956620804,42,Market,Filled,287.24621780738, 
2016-01-14T20:50:00Z,FCX,3.927277363,128,Market,Filled,502.691502464, 
2016-01-14T20:50:00Z,KMI,9.175830318,23,Market,Filled,211.044097314, 
2016-01-14T20:50:00Z,MRO,8.117803481,30,Market,Filled,243.53410443, 
2016-01-14T20:50:00Z,RF,6.328462766,49,Market,Filled,310.094675534, 
2016-01-14T20:50:00Z,NVDA,7.00171488525,-37,Market,Filled,-259.06345075425,Liquidated 
2016-01-15T20:50:00Z,F,8.12917014,29,Market,Filled,235.74593406, 
2016-01-15T20:50:00Z,GME,4.954762116,80,Market,Filled,396.38096928, 
2016-01-15T20:50:00Z,HST,9.889450472,20,Market,Filled,197.78900944, 
2016-01-15T20:50:00Z,AES,6.426901684,-44,Market,Filled,-282.783674096,Liquidated 
2016-01-15T20:50:00Z,CNX,5.00305113,-62,Market,Filled,-310.18917006,Liquidated 
2016-01-15T20:50:00Z,CSX,6.6976340442365,-42,Market,Filled,-281.30062985793,Liquidated 
2016-01-15T20:50:00Z,HPQ,7.871218602,-29,Market,Filled,-228.265339458,Liquidated 
2016-01-15T20:50:00Z,KMI,8.539166841,-23,Market,Filled,-196.400837343,Liquidated 
2016-01-15T20:50:00Z,LLL,1.147467584,-993,Market,Filled,-1139.435310912,Liquidated 
2016-01-15T20:50:00Z,MRO,7.262359865,-30,Market,Filled,-217.87079595,Liquidated 
2016-01-15T20:50:00Z,NAVI,6.1099022,-48,Market,Filled,-293.2753056,Liquidated 
2016-01-15T20:50:00Z,RF,6.177964246,-49,Market,Filled,-302.720248054,Liquidated 
2016-01-15T20:50:00Z,SPLS,8.333337306,-26,Market,Filled,-216.666769956,Liquidated 
2016-01-15T20:50:00Z,SYMC,8.138974887,-27,Market,Filled,-219.752321949,Liquidated 
2016-01-16T05:00:00Z,AIV,4.3667255085192,-105,Market On Open,Filled,-458.50617839451,Liquidated 
2016-01-16T05:00:00Z,F,8.258312475,-29,Market On Open,Filled,-239.491061775,Liquidated 
2016-01-16T05:00:00Z,FCX,4.274077512,-128,Market On Open,Filled,-547.081921536,Liquidated 
2016-01-16T05:00:00Z,GME,5.008786002,-80,Market On Open,Filled,-400.70288016,Liquidated 
2016-01-16T05:00:00Z,HST,9.904445848,-20,Market On Open,Filled,-198.08891696,Liquidated 
2016-01-16T05:00:00Z,NRG,8.415977045,-29,Market On Open,Filled,-244.063334305,Liquidated 
2016-01-16T05:00:00Z,RIG,9.77,-20,Market On Open,Filled,-195.4,Liquidated 
2016-01-16T05:00:00Z,SWN,6.74,-48,Market On Open,Filled,-323.52,Liquidated 
2016-01-16T05:00:00Z,WMB,10.161480594,-27,Market On Open,Filled,-274.359976038,Liquidated 
2016-01-27T20:50:00Z,HBAN,5.950555212,55,Market,Filled,327.28053666, 
2016-01-27T20:50:00Z,LLL,0.338596992,18187,Market,Filled,6158.063493504, 
2016-01-27T20:50:00Z,LLL,0.32919152,-18187,Market,Filled,-5987.00617424,Liquidated 
2016-01-28T20:50:00Z,KEY,8.013268593,30,Market,Filled,240.39805779, 
2016-01-28T20:50:00Z,LLL,0.300975104,24698,Market,Filled,7433.483118592, 
2016-01-28T20:50:00Z,MU,9.791439948,20,Market,Filled,195.82879896, 
2016-01-28T20:50:00Z,LLL,0.272758688,-24698,Market,Filled,-6736.594076224,Liquidated 
2016-01-29T20:50:00Z,LLL,0.32919152,18008,Market,Filled,5928.08089216, 
2016-01-29T20:50:00Z,YHOO,8.008955682,30,Market,Filled,240.26867046, 
2016-02-02T20:50:00Z,KEY,7.775250714,-30,Market,Filled,-233.25752142,Liquidated 
2016-02-03T20:50:00Z,KEY,7.796888703,33,Market,Filled,257.297327199, 
2016-02-03T20:50:00Z,RF,5.884492132,58,Market,Filled,341.300543656, 
2016-02-03T20:50:00Z,YHOO,7.491017772,-30,Market,Filled,-224.73053316,Liquidated 
2016-02-04T20:50:00Z,F,8.10824057,31,Market,Filled,251.35545767, 
2016-02-04T20:50:00Z,NVDA,6.8772508005,43,Market,Filled,295.7217844215, 
2016-02-04T20:50:00Z,SYMC,7.846679886,33,Market,Filled,258.940436238, 
2016-02-04T20:50:00Z,YHOO,7.957161891,32,Market,Filled,254.629180512, 
2016-02-05T20:50:00Z,NVDA,6.45016815675,-43,Market,Filled,-277.35723074025,Liquidated 
2016-02-05T20:50:00Z,YHOO,7.610961288,-32,Market,Filled,-243.550761216,Liquidated 
2016-02-08T20:50:00Z,AIV,4.0703466021496,123,Market,Filled,500.65263206439, 
2016-02-08T20:50:00Z,NVDA,6.17683526475,53,Market,Filled,327.37226903175, 
2016-02-08T20:50:00Z,NWSA,9.447779508,22,Market,Filled,207.851149176, 
2016-02-08T20:50:00Z,WMB,6.877211046,43,Market,Filled,295.720074978, 
2016-02-08T20:50:00Z,KEY,7.630997454,-33,Market,Filled,-251.822915982,Liquidated 
2016-02-08T20:50:00Z,RF,5.673794204,-58,Market,Filled,-329.080063832,Liquidated 
2016-02-09T20:50:00Z,AES,7.259113454,38,Market,Filled,275.846311252, 
2016-02-09T20:50:00Z,KMI,9.66775354,21,Market,Filled,203.02282434, 
2016-02-09T20:50:00Z,MRO,6.50493583,47,Market,Filled,305.73198401, 
2016-02-09T20:50:00Z,RF,5.75656839,61,Market,Filled,351.15067179, 
2016-02-10T20:50:00Z,CNX,7.20998586,38,Market,Filled,273.97946268, 
2016-02-10T20:50:00Z,FCX,4.677115523,92,Market,Filled,430.294628116, 
2016-02-10T20:50:00Z,HPQ,7.21916499,38,Market,Filled,274.32826962, 
2016-02-10T20:50:00Z,NAVI,5.8377462,59,Market,Filled,344.4270258, 
2016-02-10T20:50:00Z,NRG,9.012440367,24,Market,Filled,216.298568808, 
2016-02-10T20:50:00Z,RIG,8.76,26,Market,Filled,227.76, 
2016-02-10T20:50:00Z,YHOO,7.392882168,37,Market,Filled,273.536640216, 
2016-02-10T20:50:00Z,MRO,6.353451023,-47,Market,Filled,-298.612198081,Liquidated 
2016-02-11T20:50:00Z,BAC,9.356812797,23,Market,Filled,215.206694331, 
2016-02-11T20:50:00Z,KEY,7.248726315,38,Market,Filled,275.45159997, 
2016-02-11T20:50:00Z,MRO,6.353451023,50,Market,Filled,317.67255115, 
2016-02-11T20:50:00Z,NWS,9.8653974,20,Market,Filled,197.307948, 
2016-02-11T20:50:00Z,SPLS,7.576600142,35,Market,Filled,265.18100497, 
2016-02-11T20:50:00Z,SWN,8.21,30,Market,Filled,246.3, 
2016-02-11T20:50:00Z,AES,6.863023318,-38,Market,Filled,-260.794886084,Liquidated 
2016-02-11T20:50:00Z,F,7.862323395,-31,Market,Filled,-243.732025245,Liquidated 
2016-02-11T20:50:00Z,HBAN,5.784861786,-55,Market,Filled,-318.16739823,Liquidated 
2016-02-11T20:50:00Z,HPQ,7.025101415,-38,Market,Filled,-266.95385377,Liquidated 
2016-02-11T20:50:00Z,KMI,9.310179094,-21,Market,Filled,-195.513760974,Liquidated 
2016-02-11T20:50:00Z,MU,9.575163162,-20,Market,Filled,-191.50326324,Liquidated 
2016-02-11T20:50:00Z,NRG,8.095207874,-24,Market,Filled,-194.284988976,Liquidated 
2016-02-11T20:50:00Z,RF,5.350222386,-61,Market,Filled,-326.363565546,Liquidated 
2016-02-12T20:50:00Z,AES,7.000131442,41,Market,Filled,287.005389122, 
2016-02-12T20:50:00Z,F,8.115266775,30,Market,Filled,243.45800325, 
2016-02-12T20:50:00Z,GME,5.205587301,75,Market,Filled,390.419047575, 
2016-02-12T20:50:00Z,HBAN,6.073024266,55,Market,Filled,334.01633463, 
2016-02-12T20:50:00Z,HPQ,7.312315506,38,Market,Filled,277.867989228, 
2016-02-12T20:50:00Z,KMI,9.86640601,20,Market,Filled,197.3281202, 
2016-02-12T20:50:00Z,MU,9.860255289,20,Market,Filled,197.20510578, 
2016-02-12T20:50:00Z,NRG,8.069962943,31,Market,Filled,250.168851233, 
2016-02-12T20:50:00Z,RF,5.733993612,62,Market,Filled,355.507603944, 
2016-02-16T20:50:00Z,HPE,9.846617587,20,Market,Filled,196.93235174, 
2016-02-16T20:50:00Z,SWN,7.95,-30,Market,Filled,-238.5,Liquidated 
2016-02-19T20:50:00Z,MRO,5.896199853,-50,Market,Filled,-294.80999265,Liquidated 
2016-02-19T20:50:00Z,RIG,8.29,-26,Market,Filled,-215.54,Liquidated 
2016-02-22T20:50:00Z,CSX,7.4585277401472,36,Market,Filled,268.5069986453, 
2016-02-22T20:50:00Z,MRO,6.668000747,45,Market,Filled,300.060033615, 
2016-02-23T20:50:00Z,SWN,6.66,45,Market,Filled,299.7, 
2016-02-23T20:50:00Z,CSX,7.19309970669,-36,Market,Filled,-258.95158944084,Liquidated 
2016-02-23T20:50:00Z,MRO,6.291074729,-45,Market,Filled,-283.098362805,Liquidated 
2016-02-24T20:50:00Z,RF,5.575970166,-62,Market,Filled,-345.710150292,Liquidated 
2016-02-26T20:50:00Z,CSX,7.2404180696248,38,Market,Filled,275.13588664574, 
2016-02-26T20:50:00Z,RF,5.846867502,58,Market,Filled,339.118315116, 
2016-02-26T20:50:00Z,RIG,8.74,26,Market,Filled,227.24, 
2016-02-26T20:50:00Z,SWN,6.33,-45,Market,Filled,-284.85,Liquidated 
2016-02-29T20:50:00Z,RF,5.68131913,-58,Market,Filled,-329.51650954,Liquidated 
2016-03-01T20:50:00Z,SWN,5.62,64,Market,Filled,359.68, 
2016-03-04T05:00:00Z,CNX,10.53,-38,Market On Open,Filled,-400.14,Liquidated 
2016-03-10T20:50:00Z,RF,6.034821464,54,Market,Filled,325.880359056, 
2016-03-10T20:50:00Z,LLL,0.331136295,-18008,Market,Filled,-5963.10240036,Liquidated 
2016-03-11T20:50:00Z,LLL,0.425746665,19176,Market,Filled,8164.11804804, 
2016-03-11T20:50:00Z,LLL,0.321675258,-19176,Market,Filled,-6168.444747408,Liquidated 
2016-03-14T19:50:00Z,LLL,0.416285628,10721,Market,Filled,4462.998217788, 
2016-03-15T19:50:00Z,LLL,0.340597332,-10721,Market,Filled,-3651.543996372,Liquidated 
2016-03-18T19:50:00Z,LLL,0.37844148,13491,Market,Filled,5105.55400668, 
2016-03-24T19:50:00Z,MRO,9.234687441,22,Market,Filled,203.163123702, 
2016-03-24T19:50:00Z,LLL,0.340597332,-13491,Market,Filled,-4594.998606012,Liquidated 
2016-03-28T19:50:00Z,LLL,0.397363554,12134,Market,Filled,4821.609364236, 
2016-03-29T19:50:00Z,LLL,0.368980443,-12134,Market,Filled,-4477.208695362,Liquidated 
2016-04-01T19:50:00Z,RIG,8.52,-26,Market,Filled,-221.52,Liquidated 
2016-04-05T19:50:00Z,RF,5.814959878,-54,Market,Filled,-314.007833412,Liquidated 
2016-04-06T19:50:00Z,RF,5.91351852,54,Market,Filled,319.33000008, 
2016-04-06T19:50:00Z,RIG,8.69,25,Market,Filled,217.25, 
2016-04-07T19:50:00Z,LLL,0.387902517,16416,Market,Filled,6367.807719072,Warning: fill at stale price (04/07/2016 09:31:00 America/New_York), using QuoteBar data. 
2016-04-07T19:50:00Z,LLL,0.359519406,-16416,Market,Filled,-5901.870568896,Liquidated - Warning: fill at stale price (04/07/2016 09:31:00 America/New_York), using QuoteBar data. 
2016-04-07T19:50:00Z,RF,5.739145538,-54,Market,Filled,-309.913859052,Liquidated 
2016-04-07T19:50:00Z,RIG,8.42,-25,Market,Filled,-210.5,Liquidated 
2016-04-08T19:50:00Z,LLL,0.331136295,17297,Market,Filled,5727.664494615,Warning: No quote information available at 04/08/2016 15:08:00 America/New_York, order filled using TradeBar data 
2016-04-26T04:00:00Z,GME,6.391159225,-75,Market On Open,Filled,-479.336941875,Liquidated 
2016-04-26T19:50:00Z,LLL,0.28383111,-17297,Market,Filled,-4909.42670967,Liquidated 
2016-04-27T19:50:00Z,LLL,0.416285628,25287,Market,Filled,10526.614675236, 
2016-04-27T19:50:00Z,LLL,0.293292147,-25287,Market,Filled,-7416.478521189,Liquidated 
2016-04-28T19:50:00Z,LLL,0.368980443,24407,Market,Filled,9005.705672301, 
2016-04-28T19:50:00Z,LLL,0.293292147,-24407,Market,Filled,-7158.381431829,Liquidated 
2016-04-29T19:50:00Z,LLL,0.387902517,12569,Market,Filled,4875.546736173, 
2016-04-29T19:50:00Z,LLL,0.312214221,-12569,Market,Filled,-3924.220543749,Liquidated 
2016-05-05T19:50:00Z,RF,6.86119777,37,Market,Filled,253.86431749, 
2016-05-10T19:50:00Z,LLL,0.340597332,25256,Market,Filled,8602.126216992, 
2016-05-10T19:50:00Z,LLL,0.198681777,-25256,Market,Filled,-5017.906959912,Liquidated 
2016-05-11T19:50:00Z,LLL,0.255447999,22572,Market,Filled,5765.972233428, 
2016-05-12T19:50:00Z,MU,9.496517058,-20,Market,Filled,-189.93034116,Liquidated 
2016-05-13T19:50:00Z,LLL,0.142650975,-22572,Market,Filled,-3219.9178077,Liquidated 
2016-05-16T19:50:00Z,LLL,0.20922143,62980,Market,Filled,13176.7656614, 
2016-05-16T19:50:00Z,MU,9.476855532,16,Market,Filled,151.629688512, 
2016-05-16T19:50:00Z,RIG,9.49,16,Market,Filled,151.84, 
2016-05-16T19:50:00Z,LLL,0.15216104,-62980,Market,Filled,-9583.1022992,Liquidated 
2016-05-17T19:50:00Z,LLL,0.180691235,60243,Market,Filled,10885.382070105, 
2016-05-17T19:50:00Z,LLL,0.07608052,-60243,Market,Filled,-4583.31876636,Liquidated 
2016-05-19T19:50:00Z,RIG,9.06,-16,Market,Filled,-144.96,Liquidated 
2016-05-24T19:50:00Z,LLL,0.26628182,20471,Market,Filled,5451.05513722, 
2016-05-25T19:50:00Z,LLL,0.142650975,-20471,Market,Filled,-2920.208109225,Liquidated 
2016-06-01T19:50:00Z,RIG,9.84,14,Market,Filled,137.76, 
2016-06-07T19:50:00Z,LLL,0.180691235,43201,Market,Filled,7806.042043235, 
2016-06-10T19:50:00Z,LLL,0.161671105,-43201,Market,Filled,-6984.353407105,Liquidated 
2016-06-24T19:50:00Z,RF,6.536252504,-37,Market,Filled,-241.841342648,Liquidated 
2016-06-27T19:50:00Z,HBAN,5.92160868,-55,Market,Filled,-325.6884774,Liquidated 
2016-06-28T19:50:00Z,HBAN,6.118995636,36,Market,Filled,220.283842896, 
2016-06-28T19:50:00Z,LLL,0.3804026,10026,Market,Filled,3813.9164676, 
2016-06-28T19:50:00Z,RF,6.284270807,34,Market,Filled,213.665207438, 
2016-06-28T19:50:00Z,LLL,0.34236234,-10026,Market,Filled,-3432.52482084,Liquidated 
2016-07-05T19:50:00Z,RF,6.139190436,-34,Market,Filled,-208.732474824,Liquidated 
2016-07-06T19:50:00Z,RF,6.246091762,35,Market,Filled,218.61321167, 
2016-07-07T19:50:00Z,LLL,0.32334221,14833,Market,Filled,4796.13500093, 
2016-07-07T19:50:00Z,LLL,0.28530195,-14833,Market,Filled,-4231.88382435,Liquidated 
2016-07-08T19:50:00Z,LLL,0.351872405,12337,Market,Filled,4341.049860485, 
2016-07-08T19:50:00Z,LLL,0.332852275,-12337,Market,Filled,-4106.398516675,Liquidated 
2016-07-15T19:50:00Z,LLL,0.26628182,18048,Market,Filled,4805.85428736, 
2016-08-25T04:00:00Z,AES,9.382413066,-41,Market On Open,Filled,-384.678935706,Liquidated 
2016-08-25T04:00:00Z,AIV,5.1662205250419,-123,Market On Open,Filled,-635.44512458015,Liquidated 
2016-08-25T04:00:00Z,HBAN,6.959717856,-36,Market On Open,Filled,-250.549842816,Liquidated 
2016-08-25T04:00:00Z,KEY,8.908757091,-38,Market On Open,Filled,-338.532769458,Liquidated 
2016-08-25T04:00:00Z,LLL,0.401318148,-18048,Market On Open,Filled,-7242.989935104,Liquidated 
2016-08-25T04:00:00Z,NAVI,10.032497684,-59,Market On Open,Filled,-591.917363356,Liquidated 
2016-08-25T04:00:00Z,NRG,10.317446337,-31,Market On Open,Filled,-319.840836447,Liquidated 
2016-08-25T04:00:00Z,NWS,12.84632088,-20,Market On Open,Filled,-256.9264176,Liquidated 
2016-08-25T04:00:00Z,NWSA,12.552491835,-22,Market On Open,Filled,-276.15482037,Liquidated 
2016-08-25T04:00:00Z,RF,7.360919876,-35,Market On Open,Filled,-257.63219566,Liquidated 
2016-08-25T04:00:00Z,RIG,10.12,-14,Market On Open,Filled,-141.68,Liquidated 
2016-08-25T04:00:00Z,SPLS,7.994803504,-35,Market On Open,Filled,-279.81812264,Liquidated 
2016-08-25T04:00:00Z,SWN,13.9,-64,Market On Open,Filled,-889.6,Liquidated 
2016-09-01T19:50:00Z,RIG,9.51,15,Market,Filled,142.65, 
2016-09-02T19:50:00Z,SPLS,8.09900118,21,Market,Filled,170.07902478, 
2016-09-09T19:50:00Z,HBAN,7.208279208,27,Market,Filled,194.623538616, 
2016-09-09T19:50:00Z,LLL,0.391762954,10265,Market,Filled,4021.44672281, 
2016-09-09T19:50:00Z,LLL,0.372652566,-10265,Market,Filled,-3825.27858999,Liquidated 
2016-09-12T19:50:00Z,AIV,5.2365730514837,51,Market,Filled,267.06522562567, 
2016-09-13T19:50:00Z,AIV,5.0864876617412,-51,Market,Filled,-259.4108707488,Liquidated 
2016-09-13T19:50:00Z,RIG,9.29,-15,Market,Filled,-139.35,Liquidated 
2016-09-14T19:50:00Z,AIV,5.1298717197137,53,Market,Filled,271.88320114482, 
2016-09-14T19:50:00Z,NAVI,9.587019091,15,Market,Filled,143.805286365, 
2016-09-14T19:50:00Z,NRG,9.202046733,16,Market,Filled,147.232747728, 
2016-09-14T19:50:00Z,RF,7.328797767,26,Market,Filled,190.548741942, 
2016-09-14T19:50:00Z,RIG,9.11,17,Market,Filled,154.87, 
2016-09-20T19:50:00Z,RIG,8.83,-17,Market,Filled,-150.11,Liquidated 
2016-09-21T19:50:00Z,KEY,9.034024974,17,Market,Filled,153.578424558, 
2016-09-21T19:50:00Z,RIG,9.15,17,Market,Filled,155.55, 
2016-10-03T19:50:00Z,AES,9.677311078,15,Market,Filled,145.15966617, 
2016-10-04T19:50:00Z,AES,9.250485008,-15,Market,Filled,-138.75727512,Liquidated 
2016-10-04T19:50:00Z,SPLS,7.908051453,-21,Market,Filled,-166.069080513,Liquidated 
2016-10-05T19:50:00Z,AES,9.219443112,16,Market,Filled,147.511089792, 
2016-10-05T19:50:00Z,AIV,4.9551629457165,-53,Market,Filled,-262.62363612298,Liquidated 
2016-10-06T19:50:00Z,AIV,4.9235043088177,58,Market,Filled,285.56324991143, 
2016-10-06T19:50:00Z,LLL,0.410873342,8856,Market,Filled,3638.694316752, 
2016-10-06T19:50:00Z,SPLS,7.735092855,23,Market,Filled,177.907135665, 
2016-10-06T19:50:00Z,LLL,0.38220776,-8856,Market,Filled,-3384.83192256,Liquidated 
2016-10-07T19:50:00Z,AES,9.00214984,-16,Market,Filled,-144.03439744,Liquidated 
2016-10-10T19:50:00Z,AES,9.048712684,17,Market,Filled,153.828115628, 
2016-10-11T19:50:00Z,SPLS,7.427610903,-23,Market,Filled,-170.835050769,Liquidated 
2016-10-12T19:50:00Z,SPLS,7.504481391,25,Market,Filled,187.612034775, 
2016-10-14T19:50:00Z,LLL,0.401318148,9679,Market,Filled,3884.358354492,Warning: fill at stale price (10/14/2016 13:47:00 America/New_York), using QuoteBar data. 
2016-10-14T19:50:00Z,LLL,0.38220776,-9679,Market,Filled,-3699.38890904,Liquidated - Warning: fill at stale price (10/14/2016 13:47:00 America/New_York), using QuoteBar data. 
2016-10-14T19:50:00Z,SPLS,7.264261116,-25,Market,Filled,-181.6065279,Liquidated 
2016-10-17T19:50:00Z,SPLS,7.11052014,27,Market,Filled,191.98404378, 
2016-10-17T19:50:00Z,LLL,0.372652566,10142,Market,Filled,3779.442324372,Warning: No quote information available at 10/17/2016 15:33:00 America/New_York, order filled using TradeBar data 
2016-10-20T19:50:00Z,NAVI,9.332684023,-15,Market,Filled,-139.990260345,Liquidated 
2016-10-21T19:50:00Z,NAVI,9.25497053,16,Market,Filled,148.07952848, 
2016-10-24T19:50:00Z,LLL,0.363097372,-10142,Market,Filled,-3682.533546824,Liquidated 
2016-10-26T19:50:00Z,NRG,8.931646829,-16,Market,Filled,-142.906349264,Liquidated 
2016-10-27T19:50:00Z,NRG,8.855596856,17,Market,Filled,150.545146552, 
2016-10-31T19:50:00Z,NAVI,9.028894914,-16,Market,Filled,-144.462318624,Liquidated 
2016-11-01T19:50:00Z,NAVI,9.198451626,16,Market,Filled,147.175226016, 
2016-11-02T19:50:00Z,LLL,0.372652566,11906,Market,Filled,4436.801450796, 
2016-11-02T19:50:00Z,SWN,9.55,15,Market,Filled,143.25, 
2016-11-02T19:50:00Z,LLL,0.343986984,-11906,Market,Filled,-4095.509031504,Liquidated 
2016-11-02T19:50:00Z,NRG,8.431883725,-17,Market,Filled,-143.342023325,Liquidated 
2016-11-04T19:50:00Z,PBI,9.735045675,14,Market,Filled,136.29063945, 
2016-11-04T19:50:00Z,TGNA,9.834451179,14,Market,Filled,137.682316506, 
2016-11-08T20:50:00Z,LLL,0.372652566,10139,Market,Filled,3778.324366674, 
2016-11-10T20:50:00Z,LLL,0.33443179,-10139,Market,Filled,-3390.80391881,Liquidated 
2016-11-11T20:50:00Z,AES,8.843878117,-17,Market,Filled,-150.345927989,Liquidated 
2016-11-14T20:50:00Z,AES,8.789044506,18,Market,Filled,158.202801108, 
2016-11-15T20:50:00Z,AIV,4.801559929652,-58,Market,Filled,-278.49047591981,Liquidated 
2016-11-18T20:50:00Z,AIV,4.7790254155758,62,Market,Filled,296.2995757657, 
2016-11-18T20:50:00Z,NRG,9.516588365,15,Market,Filled,142.748825475, 
2016-11-22T20:50:00Z,NRG,9.27083497,-15,Market,Filled,-139.06252455,Liquidated 
2016-11-25T17:50:00Z,LLL,0.335959575,13352,Market,Filled,4485.7322454, 
2016-11-25T17:50:00Z,LLL,0.297564195,-13352,Market,Filled,-3973.07713164,Liquidated 
2016-11-28T20:50:00Z,NRG,9.77929027,14,Market,Filled,136.91006378, 
2016-12-01T20:50:00Z,LLL,0.316761885,15911,Market,Filled,5039.998352235, 
2016-12-01T20:50:00Z,LLL,0.28796535,-15911,Market,Filled,-4581.81668385,Liquidated 
2016-12-01T20:50:00Z,NRG,9.38947454,-14,Market,Filled,-131.45264356,Liquidated 
2016-12-02T20:50:00Z,LLL,0.28796535,19384,Market,Filled,5581.9203444, 
2016-12-02T20:50:00Z,NRG,9.54201113,15,Market,Filled,143.13016695, 
2016-12-02T20:50:00Z,LLL,0.26876766,-19384,Market,Filled,-5209.79232144,Liquidated 
2016-12-05T20:50:00Z,LLL,0.30716304,19321,Market,Filled,5934.69709584, 
2016-12-05T20:50:00Z,LLL,0.278366505,-19321,Market,Filled,-5378.319243105,Liquidated 
2016-12-15T20:50:00Z,LLL,0.335959575,13788,Market,Filled,4632.2106201, 
2016-12-15T20:50:00Z,LLL,0.316761885,-13788,Market,Filled,-4367.51287038,Liquidated 
2016-12-16T20:50:00Z,LLL,0.32636073,15545,Market,Filled,5073.27754785, 
2016-12-16T20:50:00Z,LLL,0.30716304,-15545,Market,Filled,-4774.8494568,Liquidated 
2016-12-19T20:50:00Z,LLL,0.32636073,12863,Market,Filled,4197.97806999, 
2016-12-20T20:50:00Z,LLL,0.297564195,-12863,Market,Filled,-3827.568240285,Liquidated 
2016-12-21T20:50:00Z,LLL,0.316761885,16451,Market,Filled,5211.049770135, 
2016-12-21T20:50:00Z,LLL,0.297564195,-16451,Market,Filled,-4895.228571945,Liquidated 
2016-12-22T20:50:00Z,LLL,0.30716304,15324,Market,Filled,4706.96642496, 
2016-12-22T20:50:00Z,LLL,0.297564195,-15324,Market,Filled,-4559.87372418,Liquidated 
2017-01-09T20:50:00Z,LLL,0.28796535,21762,Market,Filled,6266.7019467,Warning: fill at stale price (01/09/2017 12:40:00 America/New_York), using QuoteBar data. 
2017-01-09T20:50:00Z,LLL,0.26876766,-21762,Market,Filled,-5848.92181692,Liquidated - Warning: fill at stale price (01/09/2017 12:40:00 America/New_York), using QuoteBar data. 
2017-01-10T20:50:00Z,LLL,0.278366505,21610,Market,Filled,6015.50017305, 
2017-01-10T20:50:00Z,LLL,0.24956997,-21610,Market,Filled,-5393.2070517,Liquidated 
2017-01-19T20:50:00Z,LLL,0.26876766,19848,Market,Filled,5334.50051568, 
2017-01-19T20:50:00Z,LLL,0.259168815,-19848,Market,Filled,-5143.98264012,Liquidated 
2017-01-20T20:50:00Z,LLL,0.278366505,19775,Market,Filled,5504.697636375, 
2017-01-20T20:50:00Z,LLL,0.259168815,-19775,Market,Filled,-5125.063316625,Liquidated 
2017-01-20T20:50:00Z,SWN,9.34,-15,Market,Filled,-140.1,Liquidated 
2017-01-23T20:50:00Z,LLL,0.21117459,44232,Market,Filled,9340.67446488, 
2017-01-23T20:50:00Z,SWN,9.2,15,Market,Filled,138, 
2017-01-23T20:50:00Z,LLL,0.1919769,-44232,Market,Filled,-8491.5222408,Liquidated 
2017-01-24T20:50:00Z,LLL,0.23037228,35485,Market,Filled,8174.7603558,Warning: fill at stale price (01/24/2017 14:23:00 America/New_York), using QuoteBar data. 
2017-01-24T20:50:00Z,LLL,0.1919769,-35485,Market,Filled,-6812.3002965,Liquidated - Warning: fill at stale price (01/24/2017 14:23:00 America/New_York), using QuoteBar data. 
2017-01-25T20:50:00Z,LLL,0.220773435,28715,Market,Filled,6339.509186025, 
2017-01-25T20:50:00Z,LLL,0.201575745,-28715,Market,Filled,-5788.247517675,Liquidated 
2017-01-26T20:50:00Z,LLL,0.201575745,34379,Market,Filled,6929.972537355, 
2017-01-26T20:50:00Z,LLL,0.1919769,-34379,Market,Filled,-6599.9738451,Liquidated 
2017-02-01T20:50:00Z,PBI,9.113443767,-14,Market,Filled,-127.588212738,Liquidated 
2017-02-01T20:50:00Z,SWN,8.88,-15,Market,Filled,-133.2,Liquidated 
2017-02-02T20:50:00Z,PBI,8.933527641,15,Market,Filled,134.002914615, 
2017-02-02T20:50:00Z,SWN,9.31,14,Market,Filled,130.34, 
2017-02-08T20:50:00Z,SWN,8.88,-14,Market,Filled,-124.32,Liquidated 
2017-02-09T20:50:00Z,LLL,3.78194493,93,Market,Filled,351.72087849, 
2017-02-09T20:50:00Z,SWN,9.11,15,Market,Filled,136.65, 
2017-02-09T20:50:00Z,LLL,3.599566875,-93,Market,Filled,-334.759719375,Liquidated 
2017-02-13T20:50:00Z,SWN,8.84,-15,Market,Filled,-132.6,Liquidated 
2017-02-16T20:50:00Z,LLL,6.843976485,31,Market,Filled,212.163271035, 
2017-02-16T20:50:00Z,LLL,6.58480767,-31,Market,Filled,-204.12903777,Liquidated 
2017-02-17T20:50:00Z,LLL,6.23924925,34,Market,Filled,212.1344745, 
2017-02-17T20:50:00Z,LLL,5.9512839,-34,Market,Filled,-202.3436526,Liquidated 
2017-02-21T20:50:00Z,LLL,5.54813241,41,Market,Filled,227.47342881, 
2017-02-22T20:50:00Z,SWN,8.61,16,Market,Filled,137.76, 
2017-02-23T20:50:00Z,SWN,8.37,-16,Market,Filled,-133.92,Liquidated 
2017-02-24T20:50:00Z,SWN,7.35,23,Market,Filled,169.05, 
2017-03-04T05:00:00Z,PBI,9.4752531,-15,Market On Open,Filled,-142.1287965,Liquidated 
2017-03-09T20:50:00Z,LLL,5.44779328,-41,Market,Filled,-223.35952448,Liquidated 
2017-03-10T20:50:00Z,LLL,5.775625088,37,Market,Filled,213.698128256, 
2017-03-15T19:50:00Z,LLL,5.0621088,-37,Market,Filled,-187.2980256,Liquidated 
2017-03-16T19:50:00Z,LLL,5.081393024,48,Market,Filled,243.906865152, 
2017-03-17T19:50:00Z,LLL,4.821056,-48,Market,Filled,-231.410688,Liquidated 
2017-03-20T19:50:00Z,LLL,4.975329792,53,Market,Filled,263.692478976, 
2017-03-20T19:50:00Z,LLL,4.849982336,-53,Market,Filled,-257.049063808,Liquidated 
2017-03-21T19:50:00Z,LLL,4.714992768,58,Market,Filled,273.469580544, 
2017-03-21T19:50:00Z,LLL,4.618571648,-58,Market,Filled,-267.877155584,Liquidated 
2017-03-22T19:50:00Z,LLL,5.042824576,52,Market,Filled,262.226877952, 
2017-03-22T19:50:00Z,LLL,4.821056,-52,Market,Filled,-250.694912,Liquidated 
2017-04-03T19:50:00Z,LLL,5.139245696,49,Market,Filled,251.823039104, 
2017-04-03T19:50:00Z,LLL,5.052466688,-49,Market,Filled,-247.570867712,Liquidated 
2017-04-04T19:50:00Z,LLL,4.714992768,60,Market,Filled,282.89956608, 
2017-04-04T19:50:00Z,LLL,4.541434752,-60,Market,Filled,-272.48608512,Liquidated 
2017-04-05T04:00:00Z,SWN,8.78,-23,Market On Open,Filled,-201.94,Liquidated 
2017-04-05T19:50:00Z,LLL,5.004256128,54,Market,Filled,270.229830912, 
2017-04-05T19:50:00Z,LLL,4.734276992,-54,Market,Filled,-255.650957568,Liquidated 
2017-04-06T19:50:00Z,LLL,5.033182464,53,Market,Filled,266.758670592, 
2017-04-06T19:50:00Z,LLL,4.840340224,-53,Market,Filled,-256.538031872,Liquidated 
2017-04-07T19:50:00Z,LLL,5.409224832,47,Market,Filled,254.233567104, 
2017-04-07T19:50:00Z,LLL,5.11031936,-47,Market,Filled,-240.18500992,Liquidated 
2017-04-20T19:50:00Z,LLL,5.168172032,47,Market,Filled,242.904085504, 
2017-04-21T19:50:00Z,LLL,4.888550784,-47,Market,Filled,-229.761886848,Liquidated 
2017-05-16T19:50:00Z,LLL,4.53179264,70,Market,Filled,317.2254848, 
2017-05-16T19:50:00Z,LLL,4.213602944,-70,Market,Filled,-294.95220608,Liquidated 
2017-05-17T19:50:00Z,LLL,4.465473734,62,Market,Filled,276.859371508, 
2017-05-19T19:50:00Z,LLL,4.16519242,-62,Market,Filled,-258.24193004,Liquidated 
2017-05-24T19:50:00Z,LLL,4.174878914,82,Market,Filled,342.340070948, 
2017-05-24T19:50:00Z,LLL,3.8745976,-82,Market,Filled,-317.7170032,Liquidated 
2017-05-26T19:50:00Z,LLL,3.92303007,78,Market,Filled,305.99634546, 
2017-05-30T19:50:00Z,LLL,3.82616513,-78,Market,Filled,-298.44088014,Liquidated 
2017-06-02T19:50:00Z,LLL,3.467764852,106,Market,Filled,367.583074312, 
2017-06-03T04:00:00Z,TGNA,12.654785358,-14,Market On Open,Filled,-177.166995012,Liquidated 
2017-06-05T19:50:00Z,LLL,2.973753658,-106,Market,Filled,-315.217887748,Liquidated 
2017-06-06T19:50:00Z,LLL,3.070618598,141,Market,Filled,432.957222318, 
2017-06-06T19:50:00Z,LLL,2.95438067,-141,Market,Filled,-416.56767447,Liquidated 
2017-06-07T19:50:00Z,LLL,3.070618598,139,Market,Filled,426.815985122, 
2017-06-07T19:50:00Z,LLL,2.886575212,-139,Market,Filled,-401.233954468,Liquidated 
2017-06-07T19:50:00Z,RIG,8.57,-17,Market,Filled,-145.69,Liquidated 
2017-06-08T19:50:00Z,LLL,2.85751573,159,Market,Filled,454.34500107, 
2017-06-08T19:50:00Z,RIG,8.42,17,Market,Filled,143.14, 
2017-06-09T19:50:00Z,LLL,2.702531826,-159,Market,Filled,-429.702560334,Liquidated 
2017-06-12T19:50:00Z,LLL,2.80908326,159,Market,Filled,446.64423834, 
2017-06-14T19:50:00Z,LLL,2.634726368,-159,Market,Filled,-418.921492512,Liquidated 
2017-06-16T19:50:00Z,LLL,2.537861428,197,Market,Filled,499.958701316, 
2017-06-17T04:00:00Z,YHOO,0,-37,Market On Open,Canceled,0,Open order cancelled on symbol changed event 
2017-06-20T19:50:00Z,RIG,8.17,-17,Market,Filled,-138.89,Liquidated 
2017-06-21T19:50:00Z,RIG,7.79,20,Market,Filled,155.8, 
2017-07-03T16:50:00Z,LLL,2.489428958,-197,Market,Filled,-490.417504726,Liquidated 
2017-07-05T19:50:00Z,LLL,3.070618598,133,Market,Filled,408.392273534, 
2017-07-06T19:50:00Z,AES,8.544593808,-18,Market,Filled,-153.802688544,Liquidated 
2017-07-06T19:50:00Z,LLL,2.741277802,-133,Market,Filled,-364.589947666,Liquidated 
2017-07-07T19:50:00Z,AES,8.616598812,16,Market,Filled,137.865580992, 
2017-07-13T19:50:00Z,LLL,3.031872622,156,Market,Filled,472.972129032, 
2017-07-13T19:50:00Z,LLL,2.76065079,-156,Market,Filled,-430.66152324,Liquidated 
2017-07-25T19:50:00Z,LLL,2.799396766,193,Market,Filled,540.283575838, 
2017-07-25T19:50:00Z,LLL,2.547547922,-193,Market,Filled,-491.676748946,Liquidated 
2017-07-28T04:00:00Z,RIG,8.65,-20,Market On Open,Filled,-173,Liquidated 
2017-07-31T19:50:00Z,LLL,2.56692091,207,Market,Filled,531.35262837, 
2017-07-31T19:50:00Z,LLL,2.47005597,-207,Market,Filled,-511.30158579,Liquidated 
2017-08-04T19:50:00Z,LLL,2.440996488,217,Market,Filled,529.696237896, 
2017-08-07T19:50:00Z,LLL,2.024477246,-217,Market,Filled,-439.311562382,Liquidated 
2017-08-10T19:50:00Z,LLL,1.927612306,352,Market,Filled,678.519531712, 
2017-08-10T19:50:00Z,LLL,1.88886633,-352,Market,Filled,-664.88094816,Liquidated 
2017-08-11T19:50:00Z,LLL,1.79200139,442,Market,Filled,792.06461438, 
2017-08-11T19:50:00Z,LLL,1.685449956,-442,Market,Filled,-744.968880552,Liquidated 
2017-08-14T19:50:00Z,LLL,1.98573127,346,Market,Filled,687.06301942, 
2017-08-14T19:50:00Z,LLL,1.79200139,-346,Market,Filled,-620.03248094,Liquidated 
2017-08-15T19:50:00Z,LLL,1.867460352,397,Market,Filled,741.381759744, 
2017-08-15T19:50:00Z,LLL,1.779923148,-397,Market,Filled,-706.629489756,Liquidated 
2017-08-18T19:50:00Z,LLL,1.75074408,438,Market,Filled,766.82590704, 
2017-08-18T19:50:00Z,LLL,1.682659588,-438,Market,Filled,-737.004899544,Liquidated 
2017-09-13T04:00:00Z,SPLS,10.25,-27,Market,Filled,-276.75,Liquidate from delisting 
2017-09-27T19:50:00Z,LLL,2.596937052,199,Market,Filled,516.790473348, 
2017-09-27T19:50:00Z,LLL,2.431589,-199,Market,Filled,-483.886211,Liquidated 
2017-10-09T19:50:00Z,NAVI,8.96522144,-16,Market,Filled,-143.44354304,Liquidated 
2017-10-10T19:50:00Z,NAVI,9.18640289,15,Market,Filled,137.79604335, 
2017-10-11T19:50:00Z,NAVI,8.6998037,-15,Market,Filled,-130.4970555,Liquidated 
2017-10-12T19:50:00Z,LLL,2.635842476,207,Market,Filled,545.619392532, 
2017-10-12T19:50:00Z,NAVI,8.6998037,16,Market,Filled,139.1968592, 
2017-10-12T19:50:00Z,LLL,2.48022078,-207,Market,Filled,-513.40570146,Liquidated 
2017-10-27T19:50:00Z,LLL,2.392683576,220,Market,Filled,526.39038672, 
2017-10-31T19:50:00Z,LLL,2.100892896,-220,Market,Filled,-462.19643712,Liquidated 
2017-11-02T19:50:00Z,LLL,2.275967304,266,Market,Filled,605.407302864, 
2017-11-02T19:50:00Z,LLL,2.110619252,-266,Market,Filled,-561.424721032,Liquidated 
2017-11-03T19:50:00Z,LLL,2.227335524,283,Market,Filled,630.335953292, 
2017-11-03T19:50:00Z,LLL,2.120345608,-283,Market,Filled,-600.057807064,Liquidated 
2017-11-06T20:50:00Z,LLL,2.38295722,284,Market,Filled,676.75985048, 
2017-11-06T20:50:00Z,LLL,2.003629336,-284,Market,Filled,-569.030731424,Liquidated 
2017-11-09T20:50:00Z,AES,8.407747804,-16,Market,Filled,-134.523964864,Liquidated 
2017-11-10T20:50:00Z,CTL,9.6676879,13,Market,Filled,125.6799427, 
2017-11-13T20:50:00Z,AES,8.865757412,16,Market,Filled,141.852118592, 
2017-11-14T05:00:00Z,AES,8.849399926,-16,Market On Open,Filled,-141.590398816,Liquidated 
2017-11-14T05:00:00Z,AIV,5.499776220191,-62,Market On Open,Filled,-340.98612565184,Liquidated 
2017-11-14T05:00:00Z,CTL,9.48057136,-13,Market On Open,Filled,-123.24742768,Liquidated 
2017-11-14T05:00:00Z,FCX,13.384611156,-92,Market On Open,Filled,-1231.384226352,Liquidated 
2017-11-14T05:00:00Z,HBAN,10.016157136,-27,Market On Open,Filled,-270.436242672,Liquidated 
2017-11-14T05:00:00Z,KEY,13.426282695,-17,Market On Open,Filled,-228.246805815,Liquidated 
2017-11-14T05:00:00Z,MRO,14.112243158,-22,Market On Open,Filled,-310.469349476,Liquidated 
2017-11-14T05:00:00Z,NAVI,8.854630715,-16,Market On Open,Filled,-141.67409144,Liquidated 
2017-11-14T05:00:00Z,NRG,24.398810442,-15,Market On Open,Filled,-365.98215663,Liquidated 
2017-11-14T05:00:00Z,RF,12.075051639,-26,Market On Open,Filled,-313.951342614,Liquidated 
2017-11-14T05:00:00Z,SYMC,14.68797242,-33,Market On Open,Filled,-484.70308986,Liquidated 
2017-11-21T20:50:00Z,AES,8.710361295,16,Market,Filled,139.36578072, 
2017-11-22T20:50:00Z,CTL,8.931696176,15,Market,Filled,133.97544264, 
2017-11-27T20:50:00Z,NAVI,8.825139855,16,Market,Filled,141.20223768, 
2017-11-28T20:50:00Z,AIV,5.3821871053624,43,Market,Filled,231.43404553058, 
2017-11-28T20:50:00Z,LLL,5.410564548,44,Market,Filled,238.064840112, 
2017-11-30T20:50:00Z,LLL,5.12734005,-44,Market,Filled,-225.6029622,Liquidated 
2017-12-04T20:50:00Z,LLL,4.54135833,62,Market,Filled,281.56421646, 
2017-12-05T20:50:00Z,AMD,9.93,12,Market,Filled,119.16, 
2017-12-05T20:50:00Z,LLL,4.092105678,-62,Market,Filled,-253.710552036,Liquidated 
2017-12-06T20:50:00Z,LLL,3.984675696,78,Market,Filled,310.804704288, 
2017-12-13T20:50:00Z,LLL,3.867479352,-78,Market,Filled,-301.663389456,Liquidated 
2017-12-18T20:50:00Z,LLL,3.974909334,85,Market,Filled,337.86729339, 
2017-12-18T20:50:00Z,LLL,3.818647542,-85,Market,Filled,-324.58504107,Liquidated 
2017-12-19T20:50:00Z,LLL,3.71121756,91,Market,Filled,337.72079796, 
2017-12-19T20:50:00Z,AIV,5.2710757109459,-43,Market,Filled,-226.65625557067,Liquidated 
2017-12-20T20:50:00Z,LLL,3.4182267,-91,Market,Filled,-311.0586297,Liquidated 
2017-12-21T20:50:00Z,LLL,3.301030356,116,Market,Filled,382.919521296, 
2017-12-22T20:50:00Z,AIV,5.2771807326171,45,Market,Filled,237.47313296777, 
2017-12-22T20:50:00Z,LLL,3.095936754,-116,Market,Filled,-359.128663464,Liquidated 
2017-12-26T20:50:00Z,LLL,3.261964908,125,Market,Filled,407.7456135, 
2017-12-26T20:50:00Z,LLL,3.105703116,-125,Market,Filled,-388.2128895,Liquidated 
2018-01-04T20:50:00Z,LLL,3.896778438,87,Market,Filled,339.019724106, 
2018-01-09T20:50:00Z,AIV,5.1294392081732,-45,Market,Filled,-230.82476436779,Liquidated 
2018-01-11T20:50:00Z,AIV,5.0012337530772,51,Market,Filled,255.06292140694, 
2018-01-30T05:00:00Z,AES,9.634559254,-16,Market On Open,Filled,-154.152948064,Liquidated 
2018-01-30T05:00:00Z,AIV,5.0061177704142,-51,Market On Open,Filled,-255.31200629112,Liquidated 
2018-01-30T05:00:00Z,AMD,13.11,-12,Market On Open,Filled,-157.32,Liquidated 
2018-01-30T05:00:00Z,CTL,11.6663094,-15,Market On Open,Filled,-174.994641,Liquidated 
2018-01-30T05:00:00Z,HPE,13.8796483,-20,Market On Open,Filled,-277.592966,Liquidated 
2018-01-30T05:00:00Z,KMI,12.8964129,-20,Market On Open,Filled,-257.928258,Liquidated 
2018-01-30T05:00:00Z,LLL,4.189769298,-87,Market On Open,Filled,-364.509928926,Liquidated 
2018-01-30T05:00:00Z,NAVI,10.668655351,-16,Market On Open,Filled,-170.698485616,Liquidated 
2018-01-30T05:00:00Z,WMB,22.068570579,-43,Market On Open,Filled,-948.948534897,Liquidated 
2018-02-06T20:50:00Z,AES,8.75109888,16,Market,Filled,140.01758208, 
2018-02-06T20:50:00Z,AIV,4.8315141506168,54,Market,Filled,260.90176413331, 
2018-02-06T20:50:00Z,LLL,4.629255588,60,Market,Filled,277.75533528, 
2018-02-08T20:50:00Z,AES,8.34580224,-16,Market,Filled,-133.53283584,Liquidated 
2018-02-08T20:50:00Z,AIV,4.6862146348414,-54,Market,Filled,-253.05559028143,Liquidated 
2018-02-09T20:50:00Z,AES,8.45332992,17,Market,Filled,143.70660864, 
2018-02-09T20:50:00Z,AIV,4.8168620986058,55,Market,Filled,264.92741542332, 
2018-02-14T20:50:00Z,AIV,4.7155187388633,-55,Market,Filled,-259.35353063748,Liquidated 
2018-02-15T20:50:00Z,AIV,4.8522972935457,54,Market,Filled,262.02405385147, 
2018-02-21T20:50:00Z,AIV,4.6981582435602,-54,Market,Filled,-253.70054515225,Liquidated 
2018-02-22T20:50:00Z,AIV,4.7067900303594,58,Market,Filled,272.99382176084, 
2018-03-01T20:50:00Z,NAVI,9.804207174,13,Market,Filled,127.454693262, 
2018-03-23T19:50:00Z,NAVI,9.554755488,-13,Market,Filled,-124.211821344,Liquidated 
2018-03-26T19:50:00Z,NAVI,9.86468031,13,Market,Filled,128.24084403, 
2018-03-27T19:50:00Z,NAVI,9.60011034,-13,Market,Filled,-124.80143442,Liquidated 
2018-03-28T19:50:00Z,AMD,9.84,13,Market,Filled,127.92, 
2018-04-02T19:50:00Z,AMD,9.56,-13,Market,Filled,-124.28,Liquidated 
2018-04-04T19:50:00Z,NAVI,9.736174896,13,Market,Filled,126.570273648, 
2018-05-01T19:50:00Z,LLL,4.40164129,-60,Market,Filled,-264.0984774,Liquidated 
2018-05-02T19:50:00Z,LLL,4.63691833,60,Market,Filled,278.2150998, 
2018-06-06T04:00:00Z,NAVI,11.39175179,-13,Market On Open,Filled,-148.09277327,Liquidated 
2018-08-09T19:50:00Z,LLL,4.44945862,-60,Market,Filled,-266.9675172,Liquidated 
2018-08-10T19:50:00Z,F,7.86676338,-30,Market,Filled,-236.0029014,Liquidated 
2018-08-13T19:50:00Z,F,7.64846676,22,Market,Filled,168.26626872, 
2018-08-14T19:50:00Z,LLL,3.72100743,96,Market,Filled,357.21671328, 
2018-08-15T19:50:00Z,SYMC,9.887046828,13,Market,Filled,128.531608764, 
2018-08-15T19:50:00Z,LLL,3.573348405,-96,Market,Filled,-343.04144688,Liquidated 
2018-08-16T19:50:00Z,LLL,4.64450381,71,Market,Filled,329.75977051, 
2018-08-16T19:50:00Z,LLL,4.219581121,-71,Market,Filled,-299.590259591,Liquidated 
2018-08-27T19:50:00Z,LLL,3.942887277,86,Market,Filled,339.088305822, 
2018-08-28T19:50:00Z,LLL,3.824304201,-86,Market,Filled,-328.890161286,Liquidated 
2018-08-31T19:50:00Z,LLL,3.745248817,95,Market,Filled,355.798637615, 
2018-09-07T19:50:00Z,LLL,3.666193433,-95,Market,Filled,-348.288376135,Liquidated 
2018-09-11T19:50:00Z,LLL,3.517964588,108,Market,Filled,379.940175504, 
2018-09-27T19:50:00Z,F,7.45442532,-22,Market,Filled,-163.99735704,Liquidated 
2018-09-28T19:50:00Z,F,7.4786805,23,Market,Filled,172.0096515, 
2018-10-09T19:50:00Z,F,7.25229882,-23,Market,Filled,-166.80287286,Liquidated 
2018-10-12T19:50:00Z,F,6.9935769,26,Market,Filled,181.8329994, 
2018-10-22T19:50:00Z,COTY,9.869282152,13,Market,Filled,128.300667976, 
2018-10-24T19:50:00Z,F,6.806315029,-26,Market,Filled,-176.964190754,Liquidated 
2018-10-26T19:50:00Z,COTY,9.328244,-13,Market,Filled,-121.267172,Liquidated 
2018-10-29T19:50:00Z,COTY,9.14167912,15,Market,Filled,137.1251868, 
2018-10-29T19:50:00Z,SYMC,9.610052886,-13,Market,Filled,-124.930687518,Liquidated 
2018-10-31T19:50:00Z,SYMC,9.690225741,13,Market,Filled,125.972934633, 
2018-11-07T20:50:00Z,COTY,7.891694424,-15,Market,Filled,-118.37541636,Liquidated 
2018-11-08T20:50:00Z,COTY,7.798411984,20,Market,Filled,155.96823968, 
2018-11-16T20:50:00Z,F,7.456495062,22,Market,Filled,164.042891364, 
2018-12-04T20:50:00Z,COTY,7.49797488,-20,Market,Filled,-149.9594976,Liquidated 
2018-12-06T20:50:00Z,COTY,7.21396068,24,Market,Filled,173.13505632, 
2018-12-07T20:50:00Z,F,7.258972014,-22,Market,Filled,-159.697384308,Liquidated 
2018-12-07T20:50:00Z,COTY,7.06248644,-24,Market,Filled,-169.49967456,Liquidated 
2018-12-10T20:50:00Z,F,7.020298331,25,Market,Filled,175.507458275, 
2018-12-10T20:50:00Z,COTY,7.20449354,24,Market,Filled,172.90784496, 
2018-12-11T05:00:00Z,BAC,22.20893301,-23,Market On Open,Filled,-510.80545923,Liquidated 
2018-12-13T20:50:00Z,HBAN,9.627537268,13,Market,Filled,125.157984484, 
2018-12-14T20:50:00Z,COTY,6.9583479,-24,Market,Filled,-167.0003496,Liquidated 
2018-12-17T20:50:00Z,HBAN,9.354086532,-13,Market,Filled,-121.603124916,Liquidated 
2018-12-18T20:50:00Z,COTY,6.75007082,27,Market,Filled,182.25191214, 
2018-12-18T20:50:00Z,HBAN,9.28328184,14,Market,Filled,129.96594576, 
2018-12-19T20:50:00Z,FCX,9.575489352,13,Market,Filled,124.481361576, 
2018-12-19T20:50:00Z,F,6.839235537,-25,Market,Filled,-170.980888425,Liquidated 
2018-12-19T20:50:00Z,COTY,6.58912944,-27,Market,Filled,-177.90649488,Liquidated 
2018-12-19T20:50:00Z,HBAN,9.055133388,-14,Market,Filled,-126.771867432,Liquidated 
2018-12-20T20:50:00Z,F,6.798084902,27,Market,Filled,183.548292354, 
2018-12-20T20:50:00Z,COTY,6.13470672,33,Market,Filled,202.44532176, 
2018-12-20T20:50:00Z,HBAN,9.102336516,15,Market,Filled,136.53504774, 
2018-12-20T20:50:00Z,LLL,3.056467876,-108,Market,Filled,-330.098530608,Liquidated 
2018-12-21T20:50:00Z,LLL,3.225169025,123,Market,Filled,396.695790075, 
2018-12-21T20:50:00Z,MAT,9.58,13,Market,Filled,124.54, 
2018-12-21T20:50:00Z,F,6.633482362,-27,Market,Filled,-179.104023774,Liquidated 
2018-12-21T20:50:00Z,COTY,5.84122538,-33,Market,Filled,-192.76043754,Liquidated 
2018-12-24T17:50:00Z,F,6.304277282,31,Market,Filled,195.432595742, 
2018-12-24T17:50:00Z,COTY,5.8222911,36,Market,Filled,209.6024796, 
2018-12-24T17:50:00Z,HBI,9.740236764,13,Market,Filled,126.623077932, 
2018-12-24T17:50:00Z,FCX,9.291630972,-13,Market,Filled,-120.791202636,Liquidated 
2018-12-24T17:50:00Z,LLL,3.046544279,-123,Market,Filled,-374.724946317,Liquidated 
2018-12-24T17:50:00Z,MAT,9.26,-13,Market,Filled,-120.38,Liquidated 
2018-12-26T20:50:00Z,FCX,9.764728272,12,Market,Filled,117.176739264, 
2018-12-26T20:50:00Z,LLL,2.967155503,181,Market,Filled,537.055146043, 
2018-12-26T20:50:00Z,LLL,2.659523996,-181,Market,Filled,-481.373843276,Liquidated 
2018-12-27T20:50:00Z,LLL,3.155703846,154,Market,Filled,485.978392284, 
2018-12-27T20:50:00Z,LLL,2.808377951,-154,Market,Filled,-432.490204454,Liquidated 
2019-01-03T20:50:00Z,MAT,9.36,14,Market,Filled,131.04, 
2019-01-03T20:50:00Z,FCX,9.528179622,-12,Market,Filled,-114.338155464,Liquidated 
2019-01-10T05:00:00Z,AES,12.75677326,-17,Market On Open,Filled,-216.86514542,Liquidated 
2019-01-10T05:00:00Z,AIV,5.5871697296155,-58,Market On Open,Filled,-324.0558443177,Liquidated 
2019-01-10T05:00:00Z,COTY,6.90154506,-36,Market On Open,Filled,-248.45562216,Liquidated 
2019-01-10T05:00:00Z,F,7.176670744,-31,Market On Open,Filled,-222.476793064,Liquidated 
2019-01-10T05:00:00Z,HBAN,9.920524068,-15,Market On Open,Filled,-148.80786102,Liquidated 
2019-01-10T05:00:00Z,HBI,11.279930548,-13,Market On Open,Filled,-146.639097124,Liquidated 
2019-01-10T05:00:00Z,HPQ,17.93567424,-38,Market On Open,Filled,-681.55562112,Liquidated 
2019-01-10T05:00:00Z,MAT,11.49,-14,Market On Open,Filled,-160.86,Liquidated 
2019-01-10T05:00:00Z,MU,34.653439575,-16,Market On Open,Filled,-554.4550332,Liquidated 
2019-01-10T05:00:00Z,SYMC,10.606237756,-13,Market On Open,Filled,-137.881090828,Liquidated 
2019-01-17T20:50:00Z,F,6.847465664,26,Market,Filled,178.034107264, 
2019-01-17T20:50:00Z,LLL,3.741196069,91,Market,Filled,340.448842279, 
2019-01-17T20:50:00Z,PCG,6.536352642,29,Market,Filled,189.554226618, 
2019-01-18T05:00:00Z,PCG,6.546347065,-29,Market On Open,Filled,-189.844064885,Liquidated 
2019-01-18T20:50:00Z,LLL,3.552647726,-91,Market,Filled,-323.290943066,Liquidated 
2019-01-22T20:50:00Z,LLL,3.57249492,101,Market,Filled,360.82198692, 
2019-01-23T20:50:00Z,LLL,3.314481398,-101,Market,Filled,-334.762621198,Liquidated 
2019-01-25T20:50:00Z,COTY,6.93941362,26,Market,Filled,180.42475412, 
2019-02-07T20:50:00Z,COTY,6.71220226,-26,Market,Filled,-174.51725876,Liquidated 
2019-02-08T20:50:00Z,AIV,6.2369584558211,32,Market,Filled,199.58267058628, 
2019-02-08T20:50:00Z,COTY,8.7571045,16,Market,Filled,140.113672, 
2019-02-15T20:50:00Z,LLL,3.820584845,86,Market,Filled,328.57029667, 
2019-02-21T20:50:00Z,AIV,6.0787345075338,-32,Market,Filled,-194.51950424108,Liquidated 
2019-02-22T20:50:00Z,AIV,6.1340180671213,33,Market,Filled,202.422596215, 
2019-02-25T20:50:00Z,CTL,9.563571882,13,Market,Filled,124.326434466, 
2019-03-04T20:50:00Z,CTL,8.813915943,-13,Market,Filled,-114.580907259,Liquidated 
2019-03-05T20:50:00Z,CTL,8.719299174,16,Market,Filled,139.508786784, 
2019-03-06T20:50:00Z,CTL,8.406336015,-16,Market,Filled,-134.50137624,Liquidated 
2019-03-07T20:50:00Z,CTL,8.828472369,16,Market,Filled,141.255557904, 
2019-03-19T19:50:00Z,LLL,3.666807936,-86,Market,Filled,-315.345482496,Liquidated 
2019-03-22T19:50:00Z,HBAN,9.765947395,13,Market,Filled,126.957316135, 
2019-03-28T19:50:00Z,LLL,3.965732496,86,Market,Filled,341.052994656, 
2019-03-28T19:50:00Z,LLL,3.78637776,-86,Market,Filled,-325.62848736,Liquidated 
2019-04-17T19:50:00Z,AIV,5.9485110116165,-33,Market,Filled,-196.30086338334,Liquidated 
2019-04-18T19:50:00Z,AIV,5.9571106764412,35,Market,Filled,208.49887367544, 
2019-04-22T19:50:00Z,LLL,4.174979688,78,Market,Filled,325.648415664, 
2019-04-22T19:50:00Z,LLL,4.03548156,-78,Market,Filled,-314.76756168,Liquidated 
2019-04-23T19:50:00Z,LLL,4.165015536,73,Market,Filled,304.046134128, 
2019-04-24T19:50:00Z,CTL,8.603028654,-16,Market,Filled,-137.648458464,Liquidated 
2019-04-25T19:50:00Z,CTL,8.499019672,17,Market,Filled,144.483334424, 
2019-04-30T19:50:00Z,LLL,4.005589104,-73,Market,Filled,-292.408004592,Liquidated 
2019-05-02T19:50:00Z,LLL,3.9856608,82,Market,Filled,326.8241856, 
2019-05-06T19:50:00Z,LLL,3.746521152,-82,Market,Filled,-307.214734464,Liquidated 
2019-05-07T19:50:00Z,LLL,3.846162672,85,Market,Filled,326.92382712, 
2019-05-09T19:50:00Z,CTL,8.060696105,-17,Market,Filled,-137.031833785,Liquidated 
2019-05-10T19:50:00Z,CTL,8.075554531,19,Market,Filled,153.435536089, 
2019-05-10T19:50:00Z,LLL,3.63691548,-85,Market,Filled,-309.1378158,Liquidated 
2019-05-13T19:50:00Z,CTL,7.80067365,-19,Market,Filled,-148.21279935,Liquidated 
2019-05-14T19:50:00Z,CTL,8.1721343,18,Market,Filled,147.0984174, 
2019-05-15T19:50:00Z,LLL,3.656843784,97,Market,Filled,354.713847048, 
2019-05-16T19:50:00Z,CTL,7.919541058,-18,Market,Filled,-142.551739044,Liquidated 
2019-05-16T19:50:00Z,LLL,3.5,-97,Market,Filled,-339.5,Liquidated 
2019-05-20T19:50:00Z,CTL,7.518363556,22,Market,Filled,165.403998232, 
2019-05-20T19:50:00Z,FCX,9.72924042,13,Market,Filled,126.48012546, 
2019-05-23T19:50:00Z,CTL,7.169190545,-22,Market,Filled,-157.72219199,Liquidated 
2019-05-23T19:50:00Z,FCX,9.471701703,-13,Market,Filled,-123.132122139,Liquidated 
2019-05-24T19:50:00Z,CTL,7.518363556,22,Market,Filled,165.403998232, 
2019-05-29T19:50:00Z,LLL,3.09,143,Market,Filled,441.87, 
2019-05-29T19:50:00Z,LLL,2.95,-143,Market,Filled,-421.85,Liquidated 
2019-05-30T19:50:00Z,LLL,3.28,128,Market,Filled,419.84, 
2019-05-30T19:50:00Z,LLL,3.1,-128,Market,Filled,-396.8,Liquidated 
2019-05-31T19:50:00Z,FCX,9.261855341,14,Market,Filled,129.665974774, 
2019-05-31T19:50:00Z,MAT,9.9,12,Market,Filled,118.8, 
2019-06-03T19:50:00Z,SYMC,9.624102611,13,Market,Filled,125.113333943, 
2019-06-03T19:50:00Z,MAT,9.59,-12,Market,Filled,-115.08,Liquidated 
2019-06-05T19:50:00Z,LLL,2.51,203,Market,Filled,509.53, 
2019-06-06T19:50:00Z,LLL,2.33,-203,Market,Filled,-472.99,Liquidated 
2019-06-18T19:50:00Z,LLL,2.39,214,Market,Filled,511.46, 
2019-06-25T19:50:00Z,LLL,2.26,-214,Market,Filled,-483.64,Liquidated 
2019-06-26T19:50:00Z,LLL,2.35,231,Market,Filled,542.85, 
2019-06-27T19:50:00Z,LLL,2.11,-231,Market,Filled,-487.41,Liquidated 
2019-07-02T19:50:00Z,AMCR,9.379830239,14,Market,Filled,131.317623346, 
2019-07-09T19:50:00Z,AMCR,8.925836727,-14,Market,Filled,-124.961714178,Liquidated 
2019-07-10T19:50:00Z,AMCR,8.877194565,15,Market,Filled,133.157918475, 
2019-07-22T19:50:00Z,AMCR,8.698839971,-15,Market,Filled,-130.482599565,Liquidated 
2019-07-23T19:50:00Z,AMCR,8.796124295,16,Market,Filled,140.73798872, 
2019-07-31T19:50:00Z,AMCR,8.609662674,-16,Market,Filled,-137.754602784,Liquidated 
2019-08-01T19:50:00Z,AMCR,8.544806458,17,Market,Filled,145.261709786, 
2019-08-05T19:50:00Z,AMCR,8.342130783,-17,Market,Filled,-141.816223311,Liquidated 
2019-08-06T19:50:00Z,AMCR,8.309702675,18,Market,Filled,149.57464815, 
2019-08-14T19:50:00Z,FCX,8.977989184,-14,Market,Filled,-125.691848576,Liquidated 
2019-08-14T19:50:00Z,AMCR,8.058384838,-18,Market,Filled,-145.050927084,Liquidated 
2019-08-15T19:50:00Z,AMCR,7.912458352,19,Market,Filled,150.336708688, 
2019-08-19T19:50:00Z,FCX,8.8630096,15,Market,Filled,132.945144, 
2019-08-20T19:50:00Z,COTY,8.50689224,-16,Market,Filled,-136.11027584,Liquidated 
2019-08-22T19:50:00Z,AMCR,7.725996731,-19,Market,Filled,-146.793937889,Liquidated 
2019-08-23T19:50:00Z,AMCR,7.661140515,21,Market,Filled,160.883950815, 
2019-08-23T19:50:00Z,FCX,8.460581056,-15,Market,Filled,-126.90871584,Liquidated 
2019-08-26T19:50:00Z,FCX,8.441417792,17,Market,Filled,143.504102464, 
2019-10-05T04:00:00Z,YHOO,19.63,-37,Market,Filled,-726.31,Liquidate from delisting 
2019-10-08T19:50:00Z,FCX,8.153968832,-17,Market,Filled,-138.617470144,Liquidated 
2019-10-09T19:50:00Z,FCX,8.201876992,18,Market,Filled,147.633785856, 
2019-10-10T19:50:00Z,COTY,9.90789998,12,Market,Filled,118.89479976, 
2019-12-03T20:50:00Z,DISHR,0.21,28742,Market,Filled,6035.82, 
2019-12-04T20:50:00Z,DISHR,0.15,-28742,Market,Filled,-4311.3,Liquidated 
2020-02-18T20:50:00Z,MRO,9.783888384,13,Market,Filled,127.190548992, 
2020-02-24T20:50:00Z,MRO,9.0064864,-13,Market,Filled,-117.0843232,Liquidated 
2020-02-25T20:50:00Z,MRO,8.475577728,17,Market,Filled,144.084821376, 
2020-02-25T20:50:00Z,F,6.489163469,-26,Market,Filled,-168.718250194,Liquidated 
2020-02-26T20:50:00Z,F,6.453459681,30,Market,Filled,193.60379043, 
2020-02-26T20:50:00Z,MRO,7.982591104,-17,Market,Filled,-135.704048768,Liquidated 
2020-02-27T20:50:00Z,MRO,7.5844096,21,Market,Filled,159.2726016, 
2020-02-27T20:50:00Z,F,6.283866688,-30,Market,Filled,-188.51600064,Liquidated 
2020-02-28T20:50:00Z,F,6.105347748,33,Market,Filled,201.476475684, 
2020-02-28T20:50:00Z,COTY,9.2,-12,Market,Filled,-110.4,Liquidated 
2020-03-02T20:50:00Z,COTY,9.21,14,Market,Filled,128.94, 
2020-03-03T20:50:00Z,COTY,8.94,-14,Market,Filled,-125.16,Liquidated 
2020-03-04T20:50:00Z,COTY,9.13,14,Market,Filled,127.82, 
2020-03-05T20:50:00Z,COTY,8.85,-14,Market,Filled,-123.9,Liquidated 
2020-03-05T20:50:00Z,HBAN,9.552538952,-13,Market,Filled,-124.183006376,Liquidated 
2020-03-05T20:50:00Z,MRO,7.318955264,-21,Market,Filled,-153.698060544,Liquidated 
2020-03-06T20:50:00Z,FTI,9.0617343290315,15,Market,Filled,135.92601493547, 
2020-03-06T20:50:00Z,HBAN,9.044599488,15,Market,Filled,135.66899232, 
2020-03-06T20:50:00Z,MRO,6.437267648,29,Market,Filled,186.680761792, 
2020-03-06T20:50:00Z,F,5.766161762,-33,Market,Filled,-190.283338146,Liquidated 
2020-03-09T19:50:00Z,DVN,6.58911245,28,Market,Filled,184.4951486, 
2020-03-09T19:50:00Z,F,5.3555682,43,Market,Filled,230.2894326, 
2020-03-09T19:50:00Z,HAL,7.836539528,20,Market,Filled,156.73079056, 
2020-03-09T19:50:00Z,IVZ,9.731324185,13,Market,Filled,126.507214405, 
2020-03-09T19:50:00Z,M,9.1621556,14,Market,Filled,128.2701784, 
2020-03-09T19:50:00Z,NBL,9.529946679,13,Market,Filled,123.889306827, 
2020-03-09T19:50:00Z,NWSA,9.812723628,12,Market,Filled,117.752683536, 
2020-03-09T19:50:00Z,FTI,6.8434217652846,-15,Market,Filled,-102.65132647927,Liquidated 
2020-03-09T19:50:00Z,HBAN,7.725595396,-15,Market,Filled,-115.88393094,Liquidated 
2020-03-09T19:50:00Z,MRO,3.488828416,-29,Market,Filled,-101.176024064,Liquidated 
2020-03-10T19:50:00Z,COTY,7.94,19,Market,Filled,150.86, 
2020-03-10T19:50:00Z,FTI,6.8869180900639,26,Market,Filled,179.05987034166, 
2020-03-10T19:50:00Z,HBAN,8.143416568,18,Market,Filled,146.581498224, 
2020-03-10T19:50:00Z,HBI,9.882658492,12,Market,Filled,118.591901904, 
2020-03-10T19:50:00Z,MRO,4.114542208,73,Market,Filled,300.361581184, 
2020-03-10T19:50:00Z,RF,9.713987934,13,Market,Filled,126.281843142, 
2020-03-10T19:50:00Z,NBL,9.191369681,-13,Market,Filled,-119.487805853,Liquidated 
2020-03-10T19:50:00Z,AMCR,7.42607294,-21,Market,Filled,-155.94753174,Liquidated 
2020-03-11T19:50:00Z,APA,7.62489924,21,Market,Filled,160.12288404, 
2020-03-11T19:50:00Z,NBL,7.319238045,22,Market,Filled,161.02323699, 
2020-03-11T19:50:00Z,AMCR,6.779231745,26,Market,Filled,176.26002537, 
2020-03-11T19:50:00Z,COTY,7.49,-19,Market,Filled,-142.31,Liquidated 
2020-03-11T19:50:00Z,DVN,6.403066922,-28,Market,Filled,-179.285873816,Liquidated 
2020-03-11T19:50:00Z,FCX,7.82395226,-18,Market,Filled,-140.83114068,Liquidated 
2020-03-11T19:50:00Z,FTI,5.7922605831169,-26,Market,Filled,-150.59877516104,Liquidated 
2020-03-11T19:50:00Z,HAL,7.429077376,-20,Market,Filled,-148.58154752,Liquidated 
2020-03-11T19:50:00Z,HBAN,7.528973668,-18,Market,Filled,-135.521526024,Liquidated 
2020-03-11T19:50:00Z,HBI,8.90053094,-12,Market,Filled,-106.80637128,Liquidated 
2020-03-11T19:50:00Z,IVZ,9.251785695,-13,Market,Filled,-120.273214035,Liquidated 
2020-03-11T19:50:00Z,M,8.378086515,-14,Market,Filled,-117.29321121,Liquidated 
2020-03-11T19:50:00Z,MRO,3.830126848,-73,Market,Filled,-279.599259904,Liquidated 
2020-03-11T19:50:00Z,RF,9.10952418,-13,Market,Filled,-118.42381434,Liquidated 
2020-03-12T19:50:00Z,COTY,6.34,30,Market,Filled,190.2, 
2020-03-12T19:50:00Z,DVN,5.500697904,40,Market,Filled,220.02791616, 
2020-03-12T19:50:00Z,FTI,4.8208426630448,52,Market,Filled,250.68381847833, 
2020-03-12T19:50:00Z,GPS,8.638027164,16,Market,Filled,138.208434624, 
2020-03-12T19:50:00Z,HAL,6.178263328,31,Market,Filled,191.526163168, 
2020-03-12T19:50:00Z,HBAN,6.996456488,24,Market,Filled,167.914955712, 
2020-03-12T19:50:00Z,HBI,8.102552304,18,Market,Filled,145.845941472, 
2020-03-12T19:50:00Z,HST,9.460009356,13,Market,Filled,122.980121628, 
2020-03-12T19:50:00Z,M,6.78929576,26,Market,Filled,176.52168976, 
2020-03-12T19:50:00Z,MOS,9.179768576,14,Market,Filled,128.516760064, 
2020-03-12T19:50:00Z,MRO,3.631036096,92,Market,Filled,334.055320832, 
2020-03-12T19:50:00Z,NOV,8.471720235,16,Market,Filled,135.54752376, 
2020-03-12T19:50:00Z,NWL,9.615127293,13,Market,Filled,124.996654809, 
2020-03-12T19:50:00Z,UA,8.68,16,Market,Filled,138.88, 
2020-03-12T19:50:00Z,AIV,5.5509643552304,-35,Market,Filled,-194.28375243306,Liquidated 
2020-03-12T19:50:00Z,APA,6.4792863,-21,Market,Filled,-136.0650123,Liquidated 
2020-03-12T19:50:00Z,F,4.748603804,-43,Market,Filled,-204.189963572,Liquidated 
2020-03-12T19:50:00Z,NBL,5.945013759,-22,Market,Filled,-130.790302698,Liquidated 
2020-03-12T19:50:00Z,NWSA,8.956048654,-12,Market,Filled,-107.472583848,Liquidated 
2020-03-12T19:50:00Z,AMCR,5.64515952,-26,Market,Filled,-146.77414752,Liquidated 
2020-03-13T19:50:00Z,HPE,8.38065116,17,Market,Filled,142.47106972, 
2020-03-13T19:50:00Z,NBL,6.482753697,29,Market,Filled,187.999857213, 
2020-03-13T19:50:00Z,AMCR,5.603156845,38,Market,Filled,212.91996011, 
2020-03-16T19:50:00Z,APA,5.43696633,40,Market,Filled,217.4786532, 
2020-03-16T19:50:00Z,FCX,6.13150276,32,Market,Filled,196.20808832, 
2020-03-16T19:50:00Z,KIM,9.00359141,14,Market,Filled,126.05027974, 
2020-03-16T19:50:00Z,KORS,9.63,13,Market,Filled,125.19, 
2020-03-16T19:50:00Z,COTY,6.09,-30,Market,Filled,-182.7,Liquidated 
2020-03-16T19:50:00Z,FTI,4.313385540619,-52,Market,Filled,-224.29604811219,Liquidated 
2020-03-16T19:50:00Z,GPS,6.913786104,-16,Market,Filled,-110.620577664,Liquidated 
2020-03-16T19:50:00Z,HAL,5.6855184,-31,Market,Filled,-176.2510704,Liquidated 
2020-03-16T19:50:00Z,HBI,7.357187644,-18,Market,Filled,-132.429377592,Liquidated 
2020-03-16T19:50:00Z,HPE,7.50033066,-17,Market,Filled,-127.50562122,Liquidated 
2020-03-16T19:50:00Z,HST,8.393838292,-13,Market,Filled,-109.119897796,Liquidated 
2020-03-16T19:50:00Z,M,6.174589252,-26,Market,Filled,-160.539320552,Liquidated 
2020-03-16T19:50:00Z,NBL,5.546687879,-29,Market,Filled,-160.853948491,Liquidated 
2020-03-16T19:50:00Z,UA,8.38,-16,Market,Filled,-134.08,Liquidated 
2020-03-16T19:50:00Z,AMCR,4.92271351,-38,Market,Filled,-187.06311338,Liquidated 
2020-03-17T19:50:00Z,AIV,4.728833851683,53,Market,Filled,250.6281941392, 
2020-03-17T19:50:00Z,DXC,9.806273,12,Market,Filled,117.675276, 
2020-03-17T19:50:00Z,F,4.436195659,61,Market,Filled,270.607935199, 
2020-03-17T19:50:00Z,FTI,4.4221263525674,61,Market,Filled,269.74970750661, 
2020-03-17T19:50:00Z,GPS,7.014717288,24,Market,Filled,168.353214912, 
2020-03-17T19:50:00Z,HBI,8.59361608,16,Market,Filled,137.49785728, 
2020-03-17T19:50:00Z,HPE,7.16580887,23,Market,Filled,164.81360401, 
2020-03-17T19:50:00Z,KMI,9.611894565,13,Market,Filled,124.954629345, 
2020-03-17T19:50:00Z,M,6.046143116,33,Market,Filled,199.522722828, 
2020-03-17T19:50:00Z,MGM,9.69207995,12,Market,Filled,116.3049594, 
2020-03-17T19:50:00Z,RF,7.457890824,21,Market,Filled,156.615707304, 
2020-03-17T19:50:00Z,AMCR,5.199931165,44,Market,Filled,228.79697126, 
2020-03-17T19:50:00Z,APA,4.21623123,-40,Market,Filled,-168.6492492,Liquidated 
2020-03-17T19:50:00Z,DVN,5.13241756,-40,Market,Filled,-205.2967024,Liquidated 
2020-03-17T19:50:00Z,KORS,8.14,-13,Market,Filled,-105.82,Liquidated 
2020-03-17T19:50:00Z,MOS,8.96165424,-14,Market,Filled,-125.46315936,Liquidated 
2020-03-17T19:50:00Z,MRO,3.41298432,-92,Market,Filled,-313.99455744,Liquidated 
2020-03-18T19:50:00Z,APA,4.04720637,73,Market,Filled,295.44606501, 
2020-03-18T19:50:00Z,KORS,7.05,24,Market,Filled,169.2, 
2020-03-18T19:50:00Z,LB,9.32942626,13,Market,Filled,121.28254138, 
2020-03-18T19:50:00Z,AIV,3.9801757197932,-53,Market,Filled,-210.94931314904,Liquidated 
2020-03-18T19:50:00Z,DXC,8.511844964,-12,Market,Filled,-102.142139568,Liquidated 
2020-03-18T19:50:00Z,F,3.936342627,-61,Market,Filled,-240.116900247,Liquidated 
2020-03-18T19:50:00Z,FCX,4.95162368,-32,Market,Filled,-158.45195776,Liquidated 
2020-03-18T19:50:00Z,FTI,3.3999627202526,-61,Market,Filled,-207.39772593541,Liquidated 
2020-03-18T19:50:00Z,GPS,6.501650436,-24,Market,Filled,-156.039610464,Liquidated 
2020-03-18T19:50:00Z,HBAN,6.21403606,-24,Market,Filled,-149.13686544,Liquidated 
2020-03-18T19:50:00Z,HBI,7.681640496,-16,Market,Filled,-122.906247936,Liquidated 
2020-03-18T19:50:00Z,KIM,8.25258894,-14,Market,Filled,-115.53624516,Liquidated 
2020-03-18T19:50:00Z,KMI,7.341247485,-13,Market,Filled,-95.436217305,Liquidated 
2020-03-18T19:50:00Z,M,5.532358572,-33,Market,Filled,-182.567832876,Liquidated 
2020-03-18T19:50:00Z,MGM,6.844406975,-12,Market,Filled,-82.1328837,Liquidated 
2020-03-18T19:50:00Z,NOV,7.828298445,-16,Market,Filled,-125.25277512,Liquidated 
2020-03-18T19:50:00Z,RF,6.334099056,-21,Market,Filled,-133.016080176,Liquidated 
2020-03-19T19:50:00Z,AES,9.735957476,12,Market,Filled,116.831489712, 
2020-03-19T19:50:00Z,AIV,4.0460475012793,73,Market,Filled,295.36146759339, 
2020-03-19T19:50:00Z,BHGE,8.923876502,15,Market,Filled,133.85814753, 
2020-03-19T19:50:00Z,COTY,3.98,76,Market,Filled,302.48, 
2020-03-19T19:50:00Z,DVN,5.030552784,47,Market,Filled,236.435980848, 
2020-03-19T19:50:00Z,F,3.936342627,77,Market,Filled,303.098382279, 
2020-03-19T19:50:00Z,FCX,5.63827462,37,Market,Filled,208.61616094, 
2020-03-19T19:50:00Z,FTI,4.1249014665751,70,Market,Filled,288.74310266026, 
2020-03-19T19:50:00Z,GPS,6.880142376,25,Market,Filled,172.0035594, 
2020-03-19T19:50:00Z,HAL,4.586318176,57,Market,Filled,261.420136032, 
2020-03-19T19:50:00Z,HBAN,6.230718036,31,Market,Filled,193.152259116, 
2020-03-19T19:50:00Z,HST,9.360620528,13,Market,Filled,121.688066864, 
2020-03-19T19:50:00Z,KEY,7.720955814,20,Market,Filled,154.41911628, 
2020-03-19T19:50:00Z,KIM,8.70825336,15,Market,Filled,130.6238004, 
2020-03-19T19:50:00Z,KMI,8.568624285,16,Market,Filled,137.09798856, 
2020-03-19T19:50:00Z,M,6.064492564,32,Market,Filled,194.063762048, 
2020-03-19T19:50:00Z,MGM,7.75366396,20,Market,Filled,155.0732792, 
2020-03-19T19:50:00Z,MOS,7.956431648,18,Market,Filled,143.215769664, 
2020-03-19T19:50:00Z,MRO,3.574153024,94,Market,Filled,335.970384256, 
2020-03-19T19:50:00Z,NBL,4.152547299,70,Market,Filled,290.67831093, 
2020-03-19T19:50:00Z,NCLH,8.42,16,Market,Filled,134.72, 
2020-03-19T19:50:00Z,NWS,9.014180725,14,Market,Filled,126.19853015, 
2020-03-19T19:50:00Z,RF,6.998157828,24,Market,Filled,167.955787872, 
2020-03-19T19:50:00Z,UA,8.06,18,Market,Filled,145.08, 
2020-03-19T19:50:00Z,UA,9.13,14,Market,Filled,127.82, 
2020-03-19T19:50:00Z,UNM,9.144630208,14,Market,Filled,128.024822912, 
2020-03-19T19:50:00Z,WMB,8.642033511,16,Market,Filled,138.272536176, 
2020-03-20T19:50:00Z,OXY,9.88346524,12,Market,Filled,118.60158288, 
2020-03-20T19:50:00Z,AIV,3.572277380591,-73,Market,Filled,-260.77624878314,Liquidated 
2020-03-20T19:50:00Z,CTL,7.329088164,-22,Market,Filled,-161.239939608,Liquidated 
2020-03-20T19:50:00Z,DVN,4.748465712,-47,Market,Filled,-223.177888464,Liquidated 
2020-03-20T19:50:00Z,F,3.856009104,-77,Market,Filled,-296.912701008,Liquidated 
2020-03-20T19:50:00Z,FCX,5.33846928,-37,Market,Filled,-197.52336336,Liquidated 
2020-03-20T19:50:00Z,GPS,6.072692904,-25,Market,Filled,-151.8173226,Liquidated 
2020-03-20T19:50:00Z,KEY,7.54864968,-20,Market,Filled,-150.9729936,Liquidated 
2020-03-20T19:50:00Z,M,5.55070802,-32,Market,Filled,-177.62265664,Liquidated 
2020-03-20T19:50:00Z,MRO,3.3181792,-94,Market,Filled,-311.9088448,Liquidated 
2020-03-20T19:50:00Z,NWS,8.38752645,-14,Market,Filled,-117.4253703,Liquidated 
2020-03-20T19:50:00Z,UA,7.34,-18,Market,Filled,-132.12,Liquidated 
2020-03-20T19:50:00Z,UA,8.31,-14,Market,Filled,-116.34,Liquidated 
2020-03-20T19:50:00Z,UNM,8.926100442,-14,Market,Filled,-124.965406188,Liquidated 
2020-03-23T19:50:00Z,AA,8.903677614,15,Market,Filled,133.55516421, 
2020-03-23T19:50:00Z,AIV,3.2011152272175,117,Market,Filled,374.53048158445, 
2020-03-23T19:50:00Z,COH,9.762497184,12,Market,Filled,117.149966208, 
2020-03-23T19:50:00Z,CTL,6.990077478,24,Market,Filled,167.761859472, 
2020-03-23T19:50:00Z,F,3.704268005,87,Market,Filled,322.271316435, 
2020-03-23T19:50:00Z,GPS,5.155901316,45,Market,Filled,232.01555922, 
2020-03-23T19:50:00Z,HBI,7.839482424,19,Market,Filled,148.950166056, 
2020-03-23T19:50:00Z,IVZ,6.26707199,30,Market,Filled,188.0121597, 
2020-03-23T19:50:00Z,NWS,7.712668,20,Market,Filled,154.25336, 
2020-03-23T19:50:00Z,NWSA,7.76062343,19,Market,Filled,147.45184517, 
2020-03-23T19:50:00Z,PBCT,9.7449044,12,Market,Filled,116.9388528, 
2020-03-23T19:50:00Z,UA,7.97,18,Market,Filled,143.46, 
2020-03-23T19:50:00Z,UNM,8.65714073,16,Market,Filled,138.51425168, 
2020-03-23T19:50:00Z,OXY,9.38538547,-12,Market,Filled,-112.62462564,Liquidated 
2020-03-23T19:50:00Z,BHGE,8.09251437,-15,Market,Filled,-121.38771555,Liquidated 
2020-03-23T19:50:00Z,HBAN,5.8386916,-31,Market,Filled,-180.9994396,Liquidated 
2020-03-23T19:50:00Z,HPE,6.8664999,-23,Market,Filled,-157.9294977,Liquidated 
2020-03-23T19:50:00Z,KIM,7.83067744,-15,Market,Filled,-117.4601616,Liquidated 
2020-03-23T19:50:00Z,LB,9.07997636,-13,Market,Filled,-118.03969268,Liquidated 
2020-03-23T19:50:00Z,NWL,8.753196822,-13,Market,Filled,-113.791558686,Liquidated 
2020-03-23T19:50:00Z,RF,6.55545198,-24,Market,Filled,-157.33084752,Liquidated 
2020-03-24T19:50:00Z,HBAN,6.205695072,31,Market,Filled,192.376547232, 
2020-03-27T19:50:00Z,HBI,7.137962744,-19,Market,Filled,-135.621292136,Liquidated 
2020-03-30T19:50:00Z,DVN,4.928688008,50,Market,Filled,246.4344004, 
2020-03-30T19:50:00Z,FCX,5.98643566,34,Market,Filled,203.53881244, 
2020-03-30T19:50:00Z,HBI,6.980120816,25,Market,Filled,174.5030204, 
2020-03-30T19:50:00Z,NOV,9.14438847,14,Market,Filled,128.02143858, 
2020-03-30T19:50:00Z,APA,3.81244962,-73,Market,Filled,-278.30882226,Liquidated 
2020-03-31T19:50:00Z,APA,3.86879124,82,Market,Filled,317.24088168, 
2020-03-31T19:50:00Z,KIM,7.88130682,19,Market,Filled,149.74482958, 
2020-03-31T19:50:00Z,M,4.513964208,60,Market,Filled,270.83785248, 
2020-04-01T19:50:00Z,BHGE,8.649703884,16,Market,Filled,138.395262144, 
2020-04-01T19:50:00Z,HPE,8.4510768,16,Market,Filled,135.2172288, 
2020-04-01T19:50:00Z,KEY,7.761981084,20,Market,Filled,155.23962168, 
2020-04-01T19:50:00Z,MRO,2.93895872,141,Market,Filled,414.39317952, 
2020-04-01T19:50:00Z,RF,7.040725698,24,Market,Filled,168.977416752, 
2020-04-01T19:50:00Z,UA,7.36,22,Market,Filled,161.92, 
2020-04-01T19:50:00Z,CCL,8.87,15,Market,Filled,133.05, 
2020-04-01T19:50:00Z,APA,3.77488854,-82,Market,Filled,-309.54086028,Liquidated 
2020-04-01T19:50:00Z,GPS,4.928806152,-45,Market,Filled,-221.79627684,Liquidated 
2020-04-01T19:50:00Z,HBI,6.462750052,-25,Market,Filled,-161.5687513,Liquidated 
2020-04-01T19:50:00Z,KIM,7.221264519,-19,Market,Filled,-137.204025861,Liquidated 
2020-04-01T19:50:00Z,M,4.046053284,-60,Market,Filled,-242.76319704,Liquidated 
2020-04-01T19:50:00Z,PBCT,9.3019542,-12,Market,Filled,-111.6234504,Liquidated 
2020-04-02T19:50:00Z,APA,4.34769501,64,Market,Filled,278.25248064, 
2020-04-02T19:50:00Z,GPS,4.600779804,57,Market,Filled,262.244448828, 
2020-04-02T19:50:00Z,HBI,6.296139128,30,Market,Filled,188.88417384, 
2020-04-02T19:50:00Z,KIM,6.595595391,28,Market,Filled,184.676670948, 
2020-04-02T19:50:00Z,KSS,9.868722903,12,Market,Filled,118.424674836, 
2020-04-02T19:50:00Z,M,4.027703836,75,Market,Filled,302.0777877, 
2020-04-02T19:50:00Z,PBCT,9.1121184,14,Market,Filled,127.5696576, 
2020-04-02T19:50:00Z,HBAN,6.0472163,-31,Market,Filled,-187.4637053,Liquidated 
2020-04-02T19:50:00Z,HPE,8.142964625,-16,Market,Filled,-130.287434,Liquidated 
2020-04-02T19:50:00Z,HST,8.701864248,-13,Market,Filled,-113.124235224,Liquidated 
2020-04-02T19:50:00Z,NCLH,8.11,-16,Market,Filled,-129.76,Liquidated 
2020-04-02T19:50:00Z,UA,6.77,-22,Market,Filled,-148.94,Liquidated 
2020-04-02T19:50:00Z,UA,7.68,-18,Market,Filled,-138.24,Liquidated 
2020-04-02T19:50:00Z,CCL,7.96,-15,Market,Filled,-119.4,Liquidated 
2020-04-03T19:50:00Z,AAL,9.37,13,Market,Filled,121.81, 
2020-04-03T19:50:00Z,HBAN,5.71357678,37,Market,Filled,211.40234086, 
2020-04-03T19:50:00Z,HPE,8.213390265,18,Market,Filled,147.84102477, 
2020-04-03T19:50:00Z,HST,8.379913668,17,Market,Filled,142.458532356, 
2020-04-03T19:50:00Z,NCLH,8.39,17,Market,Filled,142.63, 
2020-04-03T19:50:00Z,UA,7.45,21,Market,Filled,156.45, 
2020-04-03T19:50:00Z,UA,8.26,17,Market,Filled,140.42, 
2020-04-03T19:50:00Z,CCL,8.52,16,Market,Filled,136.32, 
2020-04-03T19:50:00Z,KEY,7.417368816,-20,Market,Filled,-148.34737632,Liquidated 
2020-04-03T19:50:00Z,PBCT,8.542611,-14,Market,Filled,-119.596554,Liquidated 
2020-04-03T19:50:00Z,RF,6.836399922,-24,Market,Filled,-164.073598128,Liquidated 
2020-04-06T19:50:00Z,KEY,8.147618622,18,Market,Filled,146.657135196, 
2020-04-06T19:50:00Z,PBCT,9.3742726,14,Market,Filled,131.2398164, 
2020-04-06T19:50:00Z,RF,7.517485842,22,Market,Filled,165.384688524, 
2020-04-16T04:00:00Z,M,5.330514644,-75,Market On Open,Filled,-399.7885983,Liquidated 
2020-04-21T19:50:00Z,HPE,7.966900525,-18,Market,Filled,-143.40420945,Liquidated 
2020-04-23T19:50:00Z,HPE,8.160571035,19,Market,Filled,155.050849665, 
2020-04-23T19:50:00Z,IVZ,6.01903484,-30,Market,Filled,-180.5710452,Liquidated 
2020-04-24T19:50:00Z,IVZ,6.473769615,30,Market,Filled,194.21308845, 
2020-05-06T19:50:00Z,NWL,9.79086069,13,Market,Filled,127.28118897, 
2020-05-06T19:50:00Z,IVZ,6.31667942,-30,Market,Filled,-189.5003826,Liquidated 
2020-05-07T19:50:00Z,IVZ,6.341483135,32,Market,Filled,202.92746032, 
2020-05-12T19:50:00Z,IVZ,6.126303084,-32,Market,Filled,-196.041698688,Liquidated 
2020-05-13T04:00:00Z,KORS,13.17,-24,Market On Open,Filled,-316.08,Liquidated 
2020-05-13T19:50:00Z,AAL,9.05,-13,Market,Filled,-117.65,Liquidated 
2020-05-13T19:50:00Z,COTY,3.71,-76,Market,Filled,-281.96,Liquidated 
2020-05-13T19:50:00Z,HPE,7.966900525,-19,Market,Filled,-151.371109975,Liquidated 
2020-05-13T19:50:00Z,KEY,7.901467002,-18,Market,Filled,-142.226406036,Liquidated 
2020-05-13T19:50:00Z,UA,6.94,-21,Market,Filled,-145.74,Liquidated 
2020-05-13T19:50:00Z,UA,7.78,-17,Market,Filled,-132.26,Liquidated 
2020-05-14T19:50:00Z,AAL,9.09,15,Market,Filled,136.35, 
2020-05-14T19:50:00Z,COTY,3.41,110,Market,Filled,375.1, 
2020-05-14T19:50:00Z,HPE,8.04612937,19,Market,Filled,152.87645803, 
2020-05-14T19:50:00Z,IVZ,5.898465366,36,Market,Filled,212.344753176, 
2020-05-14T19:50:00Z,KEY,8.12300346,19,Market,Filled,154.33706574, 
2020-05-14T19:50:00Z,UA,6.93,26,Market,Filled,180.18, 
2020-05-14T19:50:00Z,UA,7.75,21,Market,Filled,162.75, 
2020-05-15T19:50:00Z,COTY,3.31,-110,Market,Filled,-364.1,Liquidated 
2020-05-15T19:50:00Z,IVZ,5.65375078,-36,Market,Filled,-203.53502808,Liquidated 
2020-05-18T19:50:00Z,COTY,3.45,110,Market,Filled,379.5, 
2020-05-19T19:50:00Z,COTY,3.26,-110,Market,Filled,-358.6,Liquidated 
2020-06-12T19:50:00Z,COTY,4.86,56,Market,Filled,272.16, 
2020-06-12T19:50:00Z,IVZ,8.69158702,17,Market,Filled,147.75697934, 
2020-06-18T19:50:00Z,COTY,4.69,-56,Market,Filled,-262.64,Liquidated 
2020-06-22T19:50:00Z,COTY,4.62,63,Market,Filled,291.06, 
2020-06-24T19:50:00Z,COTY,4.37,-63,Market,Filled,-275.31,Liquidated 
2020-06-25T19:50:00Z,COTY,4.33,71,Market,Filled,307.43, 
2020-06-26T19:50:00Z,COTY,4.15,-71,Market,Filled,-294.65,Liquidated 
2020-06-26T19:50:00Z,IVZ,8.455310868,-17,Market,Filled,-143.740284756,Liquidated 
2020-06-29T19:50:00Z,COTY,4.7,60,Market,Filled,282, 
2020-06-29T19:50:00Z,IVZ,8.683148586,17,Market,Filled,147.613525962, 
2020-06-30T19:50:00Z,COTY,4.48,-60,Market,Filled,-268.8,Liquidated 
2020-07-09T19:50:00Z,COTY,4.12,78,Market,Filled,321.36, 
2020-07-20T19:50:00Z,COTY,3.99,-78,Market,Filled,-311.22,Liquidated 
2020-07-21T19:50:00Z,COTY,4.14,79,Market,Filled,327.06, 
2020-07-24T19:50:00Z,COTY,4.02,-79,Market,Filled,-317.58,Liquidated 
2020-07-31T19:50:00Z,COTY,3.71,98,Market,Filled,363.58, 
2020-07-31T19:50:00Z,IVZ,8.446872434,-17,Market,Filled,-143.596831378,Liquidated 
2020-08-04T19:50:00Z,IVZ,8.235911584,20,Market,Filled,164.71823168, 
2020-08-27T19:50:00Z,COTY,3.54,-98,Market,Filled,-346.92,Liquidated 
2020-08-28T19:50:00Z,COTY,3.72,102,Market,Filled,379.44, 
2020-08-31T19:50:00Z,COTY,3.59,-102,Market,Filled,-366.18,Liquidated 
2020-09-03T19:50:00Z,COTY,3.63,106,Market,Filled,384.78, 
2020-09-11T19:50:00Z,COTY,3.54,-106,Market,Filled,-375.24,Liquidated 
2020-09-14T19:50:00Z,COTY,3.41,120,Market,Filled,409.2, 
2020-09-15T19:50:00Z,COTY,3.19,-120,Market,Filled,-382.8,Liquidated 
2020-09-16T19:50:00Z,COTY,3.27,131,Market,Filled,428.37, 
2020-09-18T19:50:00Z,COTY,3.08,-131,Market,Filled,-403.48,Liquidated 
2020-09-22T04:00:00Z,KSS,18.534775167,-12,Market On Open,Filled,-222.417302004,Liquidated 
2020-09-30T19:50:00Z,OXY,9.761886102,14,Market,Filled,136.666405428, 
2020-09-30T19:50:00Z,NOV,8.783682315,-14,Market,Filled,-122.97155241,Liquidated 
2020-10-01T19:50:00Z,OXY,9.419535387,-14,Market,Filled,-131.873495418,Liquidated 
2020-10-02T19:50:00Z,OXY,9.644508714,14,Market,Filled,135.023121996, 
2020-10-02T19:50:00Z,NOV,8.46197142,19,Market,Filled,160.77745698, 
2020-10-06T04:00:00Z,NBL,8.46,-70,Market,Filled,-592.2,Liquidate from delisting 
2020-10-17T04:00:00Z,HST,10.077053154,-17,Market,Filled,-171.309903618,Liquidate from delisting 
2020-10-26T19:50:00Z,OXY,9.204343509,-14,Market,Filled,-128.860809126,Liquidated 
2020-10-28T19:50:00Z,OXY,8.754396855,17,Market,Filled,148.824746535, 
2020-10-28T19:50:00Z,FTI,3.9749438201164,-70,Market,Filled,-278.24606740815,Liquidated 
2020-10-28T19:50:00Z,HPE,7.602771412,-19,Market,Filled,-144.452656828,Liquidated 
2020-10-28T19:50:00Z,NOV,7.847796075,-19,Market,Filled,-149.108125425,Liquidated 
2020-10-29T19:50:00Z,FTI,3.9823459501353,87,Market,Filled,346.46409766177, 
2020-10-29T19:50:00Z,HPE,7.710867688,23,Market,Filled,177.349956824, 
2020-10-29T19:50:00Z,NOV,7.906288965,22,Market,Filled,173.93835723, 
2020-12-22T05:00:00Z,AIV,4.979175692,-117,Market On Open,Filled,-582.563555964,Liquidated 
2021-02-13T05:00:00Z,FTI,8.396502772,-87,Market On Open,Filled,-730.495741164,Liquidated 
2021-09-21T04:00:00Z,NOV,12.77094765,-22,Market On Open,Filled,-280.9608483,Liquidated 
2021-09-21T04:00:00Z,UNM,21.950900379,-16,Market On Open,Filled,-351.214406064,Liquidated 
2021-12-02T05:00:00Z,AA,27.575823114,-15,Market On Open,Filled,-413.63734671,Liquidated 
2021-12-02T05:00:00Z,AAL,16.49,-15,Market On Open,Filled,-247.35,Liquidated 
2021-12-02T05:00:00Z,AES,21.916478094,-12,Market On Open,Filled,-262.997737128,Liquidated 
2021-12-02T05:00:00Z,AMCR,10.203919323,-44,Market On Open,Filled,-448.972450212,Liquidated 
2021-12-02T05:00:00Z,APA,24.05600736,-64,Market On Open,Filled,-1539.58447104,Liquidated 
2021-12-02T05:00:00Z,BHGE,22.255373822,-16,Market On Open,Filled,-356.085981152,Liquidated 
2021-12-02T05:00:00Z,CCL,16.75,-16,Market On Open,Filled,-268,Liquidated 
2021-12-02T05:00:00Z,COH,36.662527924,-12,Market On Open,Filled,-439.950335088,Liquidated 
2021-12-02T05:00:00Z,CSX,33.480008636,-38,Market On Open,Filled,-1272.240328168,Liquidated 
2021-12-02T05:00:00Z,CTL,11.098737936,-24,Market On Open,Filled,-266.369710464,Liquidated 
2021-12-02T05:00:00Z,DVN,35.107112469,-50,Market On Open,Filled,-1755.35562345,Liquidated 
2021-12-02T05:00:00Z,F,17.475295668,-87,Market On Open,Filled,-1520.350723116,Liquidated 
2021-12-02T05:00:00Z,FCX,35.420064579,-34,Market On Open,Filled,-1204.282195686,Liquidated 
2021-12-02T05:00:00Z,GPS,14.419737976,-57,Market On Open,Filled,-821.925064632,Liquidated 
2021-12-02T05:00:00Z,HAL,20.274816093,-57,Market On Open,Filled,-1155.664517301,Liquidated 
2021-12-02T05:00:00Z,HBAN,13.308699195,-37,Market On Open,Filled,-492.421870215,Liquidated 
2021-12-02T05:00:00Z,HBI,15.26150646,-30,Market On Open,Filled,-457.8451938,Liquidated 
2021-12-02T05:00:00Z,HPE,13.317668388,-23,Market On Open,Filled,-306.306372924,Liquidated 
2021-12-02T05:00:00Z,IVZ,19.646402796,-20,Market On Open,Filled,-392.92805592,Liquidated 
2021-12-02T05:00:00Z,KEY,19.758403069,-19,Market On Open,Filled,-375.409658311,Liquidated 
2021-12-02T05:00:00Z,KIM,20.222921247,-28,Market On Open,Filled,-566.241794916,Liquidated 
2021-12-02T05:00:00Z,KMI,13.317225984,-16,Market On Open,Filled,-213.075615744,Liquidated 
2021-12-02T05:00:00Z,MGM,38.806863312,-20,Market On Open,Filled,-776.13726624,Liquidated 
2021-12-02T05:00:00Z,MOS,33.0151633625,-18,Market On Open,Filled,-594.272940525,Liquidated 
2021-12-02T05:00:00Z,MRO,14.565968748,-141,Market On Open,Filled,-2053.801593468,Liquidated 
2021-12-02T05:00:00Z,NCLH,18.09,-17,Market On Open,Filled,-307.53,Liquidated 
2021-12-02T05:00:00Z,NWL,19.0034208,-13,Market On Open,Filled,-247.0444704,Liquidated 
2021-12-02T05:00:00Z,NWS,20.891394788,-20,Market On Open,Filled,-417.82789576,Liquidated 
2021-12-02T05:00:00Z,NWSA,20.74619704,-19,Market On Open,Filled,-394.17774376,Liquidated 
2021-12-02T05:00:00Z,OXY,27.951243273,-17,Market On Open,Filled,-475.171135641,Liquidated 
2021-12-02T05:00:00Z,PBCT,16.673770476,-14,Market On Open,Filled,-233.432786664,Liquidated 
2021-12-02T05:00:00Z,RF,20.304271526,-22,Market On Open,Filled,-446.693973572,Liquidated 
2021-12-02T05:00:00Z,SYMC,23.420780668,-13,Market On Open,Filled,-304.470148684,Liquidated 
2021-12-02T05:00:00Z,UA,19.64,-26,Market On Open,Filled,-510.64,Liquidated 
2021-12-02T05:00:00Z,UA,23.075,-21,Market On Open,Filled,-484.575,Liquidated 
2021-12-02T05:00:00Z,WMB,23.706032427,-16,Market On Open,Filled,-379.296518832,Liquidated 
2022-02-11T20:50:00Z,CTL,9.426453348,19,Market,Filled,179.102613612, 
2022-02-17T20:50:00Z,CTL,9.164866932,-19,Market,Filled,-174.132471708,Liquidated 
2022-03-01T20:50:00Z,VTRS,9.433680828,19,Market,Filled,179.239935732, 
2022-03-07T20:50:00Z,VTRS,9.191313534,-19,Market,Filled,-174.634957146,Liquidated 
2022-03-08T20:50:00Z,VTRS,9.265888086,19,Market,Filled,176.051873634, 
2022-04-08T19:50:00Z,WW,9.847955877,17,Market,Filled,167.415249909, 
2022-04-26T19:50:00Z,WW,9.584954088,-17,Market,Filled,-162.944219496,Liquidated 
2022-05-02T19:50:00Z,CTL,9.817925328,17,Market,Filled,166.904730576, 
2022-05-03T19:50:00Z,WW,9.711584579,17,Market,Filled,165.096937843, 
2022-05-05T19:50:00Z,WW,8.688799844,-17,Market,Filled,-147.709597348,Liquidated 
2022-05-06T19:50:00Z,WW,9.575213281,18,Market,Filled,172.353839058, 
2022-05-09T19:50:00Z,UA,9.58,17,Market,Filled,162.86, 
2022-05-09T19:50:00Z,WW,8.903097598,-18,Market,Filled,-160.255756764,Liquidated 
2022-05-11T19:50:00Z,UA,9.18,-17,Market,Filled,-156.06,Liquidated 
2022-05-12T19:50:00Z,UA,9.63,17,Market,Filled,163.71, 
2022-05-12T19:50:00Z,WW,7.422494934,29,Market,Filled,215.252353086, 
2022-05-16T19:50:00Z,WW,7.20819718,-29,Market,Filled,-209.03771822,Liquidated 
2022-05-19T19:50:00Z,WW,6.662711988,36,Market,Filled,239.857631568, 
2022-05-19T19:50:00Z,UA,8.17,-17,Market,Filled,-138.89,Liquidated 
2022-05-20T19:50:00Z,UA,8.49,22,Market,Filled,186.78, 
2022-05-20T19:50:00Z,UA,9.62,17,Market,Filled,163.54, 
2022-05-20T19:50:00Z,WW,6.389969392,-36,Market,Filled,-230.038898112,Liquidated 
2022-05-23T19:50:00Z,WW,6.389969392,40,Market,Filled,255.59877568, 
2022-05-24T19:50:00Z,UA,8.24,-22,Market,Filled,-181.28,Liquidated 
2022-05-24T19:50:00Z,UA,9.14,-17,Market,Filled,-155.38,Liquidated 
2022-05-24T19:50:00Z,WW,6.010077919,-40,Market,Filled,-240.40311676,Liquidated 
2022-05-25T19:50:00Z,WW,6.214634866,42,Market,Filled,261.014664372, 
2022-06-10T19:50:00Z,UA,9.36,18,Market,Filled,168.48, 
2022-06-11T04:00:00Z,UA,9,-18,Market On Open,Filled,-162,Liquidated 
2022-06-13T19:50:00Z,CCL,9.81,16,Market,Filled,156.96, 
2022-06-13T19:50:00Z,UA,9.61,17,Market,Filled,163.37, 
2022-06-14T19:50:00Z,CCL,9.5,-16,Market,Filled,-152,Liquidated 
2022-06-15T19:50:00Z,CCL,9.88,16,Market,Filled,158.08, 
2022-06-16T19:50:00Z,CCL,8.72,-16,Market,Filled,-139.52,Liquidated 
2022-06-16T19:50:00Z,UA,8.86,-17,Market,Filled,-150.62,Liquidated 
2022-06-17T19:50:00Z,CCL,9.56,17,Market,Filled,162.52, 
2022-06-17T19:50:00Z,UA,9.2,19,Market,Filled,174.8, 
2022-06-21T19:50:00Z,UA,8.87,-19,Market,Filled,-168.53,Liquidated 
2022-06-29T19:50:00Z,CCL,8.85,-17,Market,Filled,-150.45,Liquidated 
2022-06-30T19:50:00Z,CCL,8.64,21,Market,Filled,181.44, 
2022-07-14T19:50:00Z,WW,5.878451918,-42,Market,Filled,-246.894980556,Liquidated 
2022-07-15T19:50:00Z,WW,5.72195403,49,Market,Filled,280.37574747, 
2022-07-22T19:50:00Z,VTRS,8.893015326,-19,Market,Filled,-168.967291194,Liquidated 
2022-07-25T19:50:00Z,VTRS,9.060808068,19,Market,Filled,172.155353292, 
2022-08-23T19:50:00Z,WW,5.585018378,-49,Market,Filled,-273.665900522,Liquidated 
2022-08-24T19:50:00Z,WW,5.751297384,49,Market,Filled,281.813571816, 
2022-08-29T19:50:00Z,WW,5.555675024,-49,Market,Filled,-272.228076176,Liquidated 
2022-08-31T19:50:00Z,WW,5.164430304,60,Market,Filled,309.86581824, 
2022-09-02T19:50:00Z,WW,4.978589062,-60,Market,Filled,-298.71534372,Liquidated 
2022-09-06T19:50:00Z,WW,5.047056888,62,Market,Filled,312.917527056, 
2022-09-13T19:50:00Z,CTL,9.14,-17,Market,Filled,-155.38,Liquidated 
2022-09-14T19:50:00Z,VTRS,8.855864874,-19,Market,Filled,-168.261432606,Liquidated 
2022-09-15T19:50:00Z,CTL,8.98,19,Market,Filled,170.62, 
2022-09-16T19:50:00Z,VTRS,8.808709044,20,Market,Filled,176.17418088, 
2022-09-19T19:50:00Z,CTL,8.79,-19,Market,Filled,-167.01,Liquidated 
2022-09-20T19:50:00Z,CTL,8.56,21,Market,Filled,179.76, 
2022-09-20T19:50:00Z,VTRS,8.554067562,-20,Market,Filled,-171.08135124,Liquidated 
2022-09-20T19:50:00Z,WW,4.84165341,-62,Market,Filled,-300.18251142,Liquidated 
2022-09-21T19:50:00Z,VTRS,8.544636396,21,Market,Filled,179.437364316, 
2022-09-21T19:50:00Z,WW,4.64603105,73,Market,Filled,339.16026665, 
2022-09-22T19:50:00Z,CTL,8.34,-21,Market,Filled,-175.14,Liquidated 
2022-09-22T19:50:00Z,WW,4.372159746,-73,Market,Filled,-319.167661458,Liquidated 
2022-09-23T19:50:00Z,CTL,8.13,23,Market,Filled,186.99, 
2022-09-23T19:50:00Z,WW,4.323254156,85,Market,Filled,367.47660326, 
2022-09-23T19:50:00Z,VTRS,8.186252088,-21,Market,Filled,-171.911293848,Liquidated 
2022-09-26T19:50:00Z,VTRS,8.091940428,24,Market,Filled,194.206570272, 
2022-09-26T19:50:00Z,CTL,7.78,-23,Market,Filled,-178.94,Liquidated 
2022-09-26T19:50:00Z,WW,4.049382852,-85,Market,Filled,-344.19754242,Liquidated 
2022-09-27T19:50:00Z,AMCR,9.88752324,16,Market,Filled,158.20037184, 
2022-09-27T19:50:00Z,CTL,7.61,27,Market,Filled,205.47, 
2022-09-27T19:50:00Z,WW,3.971133908,100,Market,Filled,397.1133908, 
2022-09-29T19:50:00Z,CTL,7.37,-27,Market,Filled,-198.99,Liquidated 
2022-09-30T19:50:00Z,CCL,7.07,-21,Market,Filled,-148.47,Liquidated 
2022-09-30T19:50:00Z,WW,3.878913825,-100,Market,Filled,-387.8913825,Liquidated 
2022-10-03T19:50:00Z,CCL,6.88,33,Market,Filled,227.04, 
2022-10-07T19:50:00Z,CTL,6.69,35,Market,Filled,234.15, 
2022-10-10T19:50:00Z,WW,3.51557253,128,Market,Filled,449.99328384, 
2022-10-10T19:50:00Z,CCL,6.38,-33,Market,Filled,-210.54,Liquidated 
2022-10-10T19:50:00Z,CTL,6.51,-35,Market,Filled,-227.85,Liquidated 
2022-10-11T19:50:00Z,CCL,6.62,36,Market,Filled,238.32, 
2022-10-11T19:50:00Z,CTL,6.69,35,Market,Filled,234.15, 
2022-11-03T19:50:00Z,CTL,5.8,-35,Market,Filled,-203,Liquidated 
2022-11-04T19:50:00Z,CTL,5.94,45,Market,Filled,267.3, 
2022-11-21T20:50:00Z,CTL,5.76,-45,Market,Filled,-259.2,Liquidated 
2022-11-29T20:50:00Z,CTL,5.44,54,Market,Filled,293.76, 
2022-12-05T20:50:00Z,CTL,5.19,-54,Market,Filled,-280.26,Liquidated 
2022-12-20T20:50:00Z,CTL,5.3,58,Market,Filled,307.4, 
2022-12-22T20:50:00Z,CTL,5.17,-58,Market,Filled,-299.86,Liquidated 
2022-12-23T20:50:00Z,CTL,5.24,58,Market,Filled,303.92, 
2022-12-28T20:50:00Z,CTL,5.09,-58,Market,Filled,-295.22,Liquidated 
2022-12-28T20:50:00Z,WW,3.31917183,-128,Market,Filled,-424.85399424,Liquidated 
2023-01-13T20:50:00Z,WW,4.384789255,85,Market,Filled,372.707086675, 
2023-01-18T20:50:00Z,WW,4.128599321,-85,Market,Filled,-350.930942285,Liquidated 
2023-01-19T20:50:00Z,CTL,5.05,64,Market,Filled,323.2, 
2023-02-08T20:50:00Z,WW,4.43405655,85,Market,Filled,376.89480675, 
2023-02-08T20:50:00Z,CTL,3.9,-64,Market,Filled,-249.6,Liquidated 
2023-02-09T20:50:00Z,CTL,3.96,107,Market,Filled,423.72, 
2023-02-09T20:50:00Z,WW,4.276401206,-85,Market,Filled,-363.49410251,Liquidated 
2023-02-10T20:50:00Z,WW,4.325668501,89,Market,Filled,384.984496589, 
2023-02-16T20:50:00Z,CTL,3.86,-107,Market,Filled,-413.02,Liquidated 
2023-02-17T20:50:00Z,CTL,3.94,108,Market,Filled,425.52, 
2023-02-17T20:50:00Z,WW,4.168013157,-89,Market,Filled,-370.953170973,Liquidated 
2023-02-21T20:50:00Z,CTL,3.67,-108,Market,Filled,-396.36,Liquidated 
2023-02-22T20:50:00Z,WW,3.990650895,105,Market,Filled,419.018343975, 
2023-02-23T20:50:00Z,WW,3.882262846,-105,Market,Filled,-407.63759883,Liquidated 
2023-02-24T20:50:00Z,CTL,3.55,135,Market,Filled,479.25, 
2023-02-24T20:50:00Z,WW,3.724607502,122,Market,Filled,454.402115244, 
2023-02-27T20:50:00Z,CTL,3.36,-135,Market,Filled,-453.6,Liquidated 
2023-02-28T20:50:00Z,CTL,3.41,146,Market,Filled,497.86, 
2023-02-28T20:50:00Z,WW,3.635926371,-122,Market,Filled,-443.583017262,Liquidated 
2023-03-01T20:50:00Z,WW,3.596512535,131,Market,Filled,471.143142085, 
2023-03-01T20:50:00Z,CTL,3.25,-146,Market,Filled,-474.5,Liquidated 
2023-03-02T20:50:00Z,CTL,3.25,161,Market,Filled,523.25, 
2023-03-03T20:50:00Z,CTL,3.17,-161,Market,Filled,-510.37,Liquidated 
2023-03-06T20:50:00Z,CTL,3.33,153,Market,Filled,509.49, 
2023-03-07T20:50:00Z,CTL,3.13,-153,Market,Filled,-478.89,Liquidated 
2023-03-15T19:50:00Z,DISH,9.85,17,Market,Filled,167.45, 
2023-03-16T19:50:00Z,DISH,9.54,-17,Market,Filled,-162.18,Liquidated 
2023-03-17T19:50:00Z,DISH,9.11,20,Market,Filled,182.2, 
2023-03-20T19:50:00Z,CTL,2.49,279,Market,Filled,694.71, 
2023-03-21T04:00:00Z,CTL,2.5,-279,Market On Open,Filled,-697.5,Liquidated 
2023-03-23T19:50:00Z,DISH,8.81,-20,Market,Filled,-176.2,Liquidated 
2023-03-27T19:50:00Z,DISH,8.64,23,Market,Filled,198.72, 
2023-04-12T19:50:00Z,DISH,8.06,-23,Market,Filled,-185.38,Liquidated 
2023-04-13T19:50:00Z,DISH,8.34,25,Market,Filled,208.5, 
2023-04-14T19:50:00Z,DISH,7.81,-25,Market,Filled,-195.25,Liquidated 
2023-04-17T19:50:00Z,DISH,8.14,26,Market,Filled,211.64, 
2023-04-18T19:50:00Z,DISH,7.8,-26,Market,Filled,-202.8,Liquidated 
2023-04-21T19:50:00Z,DISH,7.59,30,Market,Filled,227.7, 
2023-04-25T19:50:00Z,KEY,9.760155,18,Market,Filled,175.68279, 
2023-04-25T19:50:00Z,DISH,7.01,-30,Market,Filled,-210.3,Liquidated 
2023-04-26T19:50:00Z,DISH,6.94,36,Market,Filled,249.84, 
2023-04-27T19:50:00Z,FRC,6.12,46,Market,Filled,281.52, 
2023-04-28T19:50:00Z,FRC,3.4,-46,Market,Filled,-156.4,Liquidated 
2023-05-01T19:50:00Z,FRC,1.82,532,Market,Filled,968.24,Warning: No quote information available at 05/01/2023 15:03:00 America/New_York, order filled using TradeBar data 
2023-05-02T19:50:00Z,KEY,9.07098375,-18,Market,Filled,-163.2777075,Liquidated 
2023-05-03T04:00:00Z,FRC,1.82,-532,Market,Filled,-968.24,Liquidate from delisting 
2023-05-03T19:50:00Z,HBAN,9.678746448,18,Market,Filled,174.217436064, 
2023-05-03T19:50:00Z,KEY,8.81021625,22,Market,Filled,193.8247575, 
2023-05-03T19:50:00Z,NWL,9.688921164,18,Market,Filled,174.400580952, 
2023-05-03T19:50:00Z,AMCR,9.472345344,-16,Market,Filled,-151.557525504,Liquidated 
2023-05-04T19:50:00Z,AMCR,9.68115456,18,Market,Filled,174.26078208, 
2023-05-04T19:50:00Z,HBAN,9.035417071,-18,Market,Filled,-162.637507278,Liquidated 
2023-05-04T19:50:00Z,KEY,8.28868125,-22,Market,Filled,-182.3509875,Liquidated 
2023-05-04T19:50:00Z,DISH,6.67,-36,Market,Filled,-240.12,Liquidated 
2023-05-05T19:50:00Z,HBAN,9.457902035,19,Market,Filled,179.700138665, 
2023-05-05T19:50:00Z,KEY,9.18274125,20,Market,Filled,183.654825, 
2023-05-05T19:50:00Z,DISH,7.17,34,Market,Filled,243.78, 
2023-05-09T19:50:00Z,DISH,6.4,-34,Market,Filled,-217.6,Liquidated 
2023-05-10T19:50:00Z,HBAN,9.21785376,-19,Market,Filled,-175.13922144,Liquidated 
2023-05-10T19:50:00Z,KEY,8.689145625,-20,Market,Filled,-173.7829125,Liquidated 
2023-05-10T19:50:00Z,NWL,9.205442064,-18,Market,Filled,-165.697957152,Liquidated 
2023-05-11T19:50:00Z,HBAN,8.948999692,21,Market,Filled,187.928993532, 
2023-05-11T19:50:00Z,KEY,8.484256875,24,Market,Filled,203.622165, 
2023-05-11T19:50:00Z,NWL,9.195772482,20,Market,Filled,183.91544964, 
2023-05-11T19:50:00Z,DISH,6.22,45,Market,Filled,279.9, 
2023-05-12T19:50:00Z,KEY,8.260741875,-24,Market,Filled,-198.257805,Liquidated 
2023-05-12T19:50:00Z,NWL,8.963702514,-20,Market,Filled,-179.27405028,Liquidated 
2023-05-15T19:50:00Z,KEY,8.875408125,22,Market,Filled,195.25897875, 
2023-05-15T19:50:00Z,NWL,8.954032932,21,Market,Filled,188.034691572, 
2023-05-16T19:50:00Z,NWL,8.50923216,-21,Market,Filled,-178.69387536,Liquidated 
2023-05-17T19:50:00Z,NWL,8.721962964,23,Market,Filled,200.605148172, 
2023-05-19T19:50:00Z,NWL,8.451214668,-23,Market,Filled,-194.377937364,Liquidated 
2023-05-25T19:50:00Z,AMCR,9.461818395,-18,Market,Filled,-170.31273111,Liquidated 
2023-05-26T19:50:00Z,AMCR,9.423394767,20,Market,Filled,188.46789534, 
2023-05-26T19:50:00Z,NWL,8.489892996,25,Market,Filled,212.2473249, 
2023-05-31T19:50:00Z,NWL,8.158860054,-25,Market,Filled,-203.97150135,Liquidated 
2023-06-02T19:50:00Z,NWL,8.52927425,25,Market,Filled,213.23185625, 
2023-06-09T19:50:00Z,NWL,8.2855807,-25,Market,Filled,-207.1395175,Liquidated 
2023-06-13T19:50:00Z,NWL,8.295328442,27,Market,Filled,223.973867934, 
2023-06-20T19:50:00Z,NWL,8.061382634,-27,Market,Filled,-217.657331118,Liquidated 
2023-06-21T04:00:00Z,DISH,6.54,-45,Market On Open,Filled,-294.3,Liquidated 
2023-06-22T19:50:00Z,NWL,7.710463922,31,Market,Filled,239.024381582, 
2023-08-15T19:50:00Z,AMCR,9.096793929,-20,Market,Filled,-181.93587858,Liquidated 
2023-08-16T19:50:00Z,AMCR,9.058370301,23,Market,Filled,208.342516923, 
2023-09-19T04:00:00Z,NWL,9.342491984,-31,Market On Open,Filled,-289.617251504,Liquidated 
2023-09-21T19:50:00Z,AMCR,8.865540438,-23,Market,Filled,-203.907430074,Liquidated 
2023-10-04T19:50:00Z,AMCR,8.80715049,24,Market,Filled,211.37161176, 
2023-10-06T19:50:00Z,AMCR,8.622248988,-24,Market,Filled,-206.933975712,Liquidated 
2023-10-13T19:50:00Z,AMCR,8.46654246,27,Market,Filled,228.59664642, 
2023-10-23T19:50:00Z,AMCR,8.242714326,-27,Market,Filled,-222.553286802,Liquidated 
2023-10-24T19:50:00Z,AMCR,8.408152512,27,Market,Filled,227.020117824, 
2023-10-30T19:50:00Z,F,9.328894372,21,Market,Filled,195.906781812, 
2024-02-21T20:50:00Z,WW,3.49,-131,Market,Filled,-457.19,Liquidated 
2024-02-22T20:50:00Z,WW,3.32,206,Market,Filled,683.92, 
2024-02-23T20:50:00Z,WW,3.1,-206,Market,Filled,-638.6,Liquidated 
2024-02-26T20:50:00Z,WW,3.24,218,Market,Filled,706.32, 
2024-02-29T20:50:00Z,WW,3.11,-218,Market,Filled,-677.98,Liquidated 
